,제휴사,대분류코드,중분류코드,구매금액,중분류명,대분류카테고리
1,B,1.0,101.0,357485529.0,열매채소,과일/채소/곡물
2,B,1.0,102.0,373938849.0,버섯,과일/채소/곡물
3,B,1.0,103.0,5900.0,온라인버섯/열매채소,과일/채소/곡물
4,B,2.0,201.0,203351888.0,조리반찬,간편식
5,B,2.0,202.0,8898617.0,시즌반찬,간편식
6,B,3.0,301.0,11030498.0,포장젓갈,유제품/냉장/냉동
7,B,3.0,302.0,95609074.0,포장반찬,유제품/냉장/냉동
8,B,4.0,401.0,1683671724.0,양곡,과일/채소/곡물
9,B,4.0,402.0,327062717.0,잡곡류,과일/채소/곡물
10,B,4.0,403.0,324382980.0,즉석도정미,과일/채소/곡물
11,B,4.0,404.0,26078700.0,가공양곡,과일/채소/곡물
12,B,5.0,501.0,586784344.0,잎채소,과일/채소/곡물
13,B,5.0,502.0,180349311.0,뿌리채소,과일/채소/곡물
14,B,5.0,503.0,181277553.0,열매채소,과일/채소/곡물
15,B,5.0,504.0,179224740.0,버섯류,과일/채소/곡물
16,B,5.0,505.0,356803381.0,샐러드채소,과일/채소/곡물
17,B,5.0,506.0,1249839.0,약초,과일/채소/곡물
18,B,5.0,507.0,134788195.0,양념류,과일/채소/곡물
19,B,5.0,508.0,1741882.0,식자재,과일/채소/곡물
20,B,5.0,509.0,141324982.0,친환경채소,과일/채소/곡물
21,B,5.0,510.0,202997607.0,김치채소,과일/채소/곡물
22,B,5.0,511.0,32400.0,온라인잎/샐러드채소,과일/채소/곡물
23,B,5.0,512.0,51798749.0,LOCAL잎채소,과일/채소/곡물
24,B,5.0,513.0,6033095.0,LOCAL김치채소,과일/채소/곡물
25,B,5.0,514.0,185900140.0,샐러드/간편채소,과일/채소/곡물
26,B,6.0,601.0,508779639.0,대중선어,수산/정육
27,B,6.0,602.0,163078389.0,냉동수산물,수산/정육
28,B,6.0,603.0,15298999.0,생선선물세트,수산/정육
29,B,6.0,604.0,163007394.0,고등어/삼치,수산/정육
30,B,6.0,605.0,31635188.0,대구,수산/정육
31,B,6.0,606.0,12722068.0,도미/민어,수산/정육
32,B,6.0,607.0,45391485.0,기타구색생선,수산/정육
33,B,6.0,608.0,28654790.0,꽁치/가자미,수산/정육
34,B,6.0,609.0,149607838.0,오징어,수산/정육
35,B,6.0,610.0,36226124.0,조기/명태,수산/정육
36,B,6.0,611.0,257604810.0,국산게/갈치,수산/정육
37,B,7.0,701.0,31782104.0,선물세트,기타
38,B,7.0,702.0,4702606.0,즉석구이안주,기타
39,B,7.0,703.0,172266150.0,마른안주,기타
40,B,7.0,704.0,129780030.0,멸치건명태,기타
41,B,7.0,705.0,190700010.0,해조류,기타
42,B,7.0,706.0,99301168.0,특산물,기타
43,B,7.0,707.0,49681280.0,건오징어,기타
44,B,7.0,708.0,159241310.0,조미오징어,기타
45,B,7.0,709.0,82836780.0,육포,기타
46,B,7.0,710.0,75603120.0,쥐치포,기타
47,B,7.0,711.0,2894980.0,마른안주선물세트,기타
48,B,8.0,801.0,29433190.0,Fast Food,기타
49,B,8.0,802.0,624594307.0,편의시설,기타
50,B,8.0,803.0,625248567.0,레스토랑,기타
51,B,8.0,804.0,58219240.0,카페,기타
52,B,8.0,805.0,434234937.0,판매시설,기타
53,B,8.0,806.0,776961875.0,주유소,기타
54,B,9.0,901.0,773700.0,브랜드조리,가공식품
55,B,9.0,902.0,5012550.0,베이커리,가공식품
56,B,9.0,903.0,128057813.0,구이,가공식품
57,B,9.0,904.0,232869334.0,튀김,가공식품
58,B,9.0,905.0,1969760.0,밥류,가공식품
59,B,9.0,906.0,64522998.0,구이찜조리,가공식품
60,B,9.0,907.0,3058647.0,반찬류,가공식품
61,B,9.0,908.0,3240221.0,대용식,가공식품
62,B,9.0,909.0,2025299.0,이벤트조리,가공식품
63,B,9.0,910.0,1674700.0,간식조리,가공식품
64,B,9.0,911.0,900294.0,간편조리,가공식품
65,B,9.0,912.0,151139393.0,튀김조리,가공식품
66,B,9.0,913.0,1488400.0,피자,가공식품
67,B,10.0,1001.0,382818705.0,냉장음료,유제품/냉장/냉동
68,B,10.0,1002.0,401940.0,데일리처분,유제품/냉장/냉동
69,B,10.0,1003.0,1785010456.0,흰우유,유제품/냉장/냉동
70,B,10.0,1004.0,390058061.0,가공우유,유제품/냉장/냉동
71,B,10.0,1005.0,1544426321.0,요구르트,유제품/냉장/냉동
72,B,10.0,1006.0,266303618.0,유제품,유제품/냉장/냉동
73,B,10.0,1007.0,119918950.0,브랜드빵,유제품/냉장/냉동
74,B,10.0,1008.0,356168679.0,치즈,유제품/냉장/냉동
75,B,10.0,1009.0,67167718.0,디저트,유제품/냉장/냉동
76,B,10.0,1010.0,65220210.0,유가공,유제품/냉장/냉동
77,B,11.0,1101.0,177974570.0,조미료,가공식품
78,B,11.0,1102.0,471494220.0,소스류,가공식품
79,B,11.0,1103.0,534237630.0,장류,가공식품
80,B,11.0,1104.0,451225760.0,식용유지,가공식품
81,B,11.0,1105.0,406005260.0,조미선물세트,가공식품
82,B,11.0,1106.0,273598235.0,가루,가공식품
83,B,11.0,1107.0,7375680.0,식자재,가공식품
84,B,11.0,1108.0,61909270.0,향신료,가공식품
85,B,11.0,1109.0,101846490.0,액상조미료,가공식품
86,B,11.0,1110.0,53463890.0,복합조미료,가공식품
87,B,11.0,1111.0,168929420.0,소금/설탕류,가공식품
88,B,11.0,1112.0,75122300.0,수입조미,가공식품
89,B,12.0,1201.0,196788360.0,간편조리식품,가공식품
90,B,12.0,1202.0,720252077.0,라면,가공식품
91,B,12.0,1203.0,91310130.0,면류,가공식품
92,B,12.0,1204.0,2331814890.0,분유,가공식품
93,B,12.0,1205.0,91861827.0,잼,가공식품
94,B,12.0,1206.0,812938682.0,통조림,가공식품
95,B,12.0,1207.0,804285020.0,인스턴트선물세트,가공식품
96,B,12.0,1208.0,69345060.0,이유식/유아간식,가공식품
97,B,12.0,1209.0,184281056.0,두유,가공식품
98,B,13.0,1301.0,729315900.0,커피,가공식품
99,B,13.0,1302.0,248327040.0,차,가공식품
100,B,13.0,1303.0,465069220.0,건강식품,가공식품
101,B,13.0,1304.0,68409900.0,담배,가공식품
102,B,13.0,1305.0,1007168720.0,인스턴트커피,가공식품
103,B,13.0,1306.0,202493720.0,원두커피,가공식품
104,B,13.0,1307.0,69280110.0,커피선물세트,가공식품
105,B,13.0,1308.0,169185660.0,시즌차,가공식품
106,B,13.0,1309.0,7040300.0,차선물세트,가공식품
107,B,13.0,1310.0,39883360.0,꿀,가공식품
108,B,14.0,1401.0,1950378640.0,스낵,가공식품
109,B,14.0,1402.0,866207410.0,비스켓,가공식품
110,B,14.0,1403.0,371152530.0,파이,가공식품
111,B,14.0,1404.0,121554610.0,시리얼,가공식품
112,B,14.0,1405.0,305028090.0,캔디,가공식품
113,B,14.0,1406.0,514391835.0,초콜릿,가공식품
114,B,14.0,1407.0,122845750.0,껌,가공식품
115,B,14.0,1408.0,7892230.0,안주,가공식품
116,B,14.0,1409.0,8692780.0,한과,가공식품
117,B,14.0,1410.0,3376170.0,선물세트,가공식품
118,B,14.0,1411.0,56784860.0,프리미엄과자,가공식품
119,B,14.0,1412.0,113665740.0,간식용과자,가공식품
120,B,14.0,1413.0,424362710.0,수입과자,가공식품
121,B,14.0,1414.0,20225300.0,종합과자,가공식품
122,B,14.0,1415.0,43826580.0,전통과자,가공식품
123,B,15.0,1501.0,530706040.0,생수,유제품/냉장/냉동
124,B,15.0,1502.0,390944748.0,과채음료,유제품/냉장/냉동
125,B,15.0,1503.0,116678180.0,두유,유제품/냉장/냉동
126,B,15.0,1504.0,636931450.0,탄산음료,유제품/냉장/냉동
127,B,15.0,1505.0,179860290.0,이온음료,유제품/냉장/냉동
128,B,15.0,1506.0,316229340.0,커피차음료,유제품/냉장/냉동
129,B,15.0,1507.0,113229790.0,기능성음료,유제품/냉장/냉동
130,B,15.0,1508.0,27797340.0,수입음료,유제품/냉장/냉동
131,B,16.0,1601.0,363974800.0,소주,유제품/냉장/냉동
132,B,16.0,1602.0,1315052700.0,맥주,유제품/냉장/냉동
133,B,16.0,1603.0,378185510.0,와인,유제품/냉장/냉동
134,B,16.0,1604.0,209611170.0,전통주,유제품/냉장/냉동
135,B,16.0,1605.0,151104670.0,양주,유제품/냉장/냉동
136,B,17.0,1701.0,905967580.0,세탁세제,주방/청소/세제
137,B,17.0,1702.0,631163320.0,주거세제,주방/청소/세제
138,B,17.0,1703.0,196618510.0,주방세제,주방/청소/세제
139,B,17.0,1704.0,226950310.0,섬유유연제,주방/청소/세제
140,B,17.0,1705.0,92431177.0,표백제,주방/청소/세제
141,B,17.0,1706.0,91730220.0,살충제,주방/청소/세제
142,B,17.0,1707.0,178595700.0,탈취제,주방/청소/세제
143,B,17.0,1708.0,26329850.0,제습제,주방/청소/세제
144,B,18.0,1801.0,181184470.0,기저귀,유아/위생/미용
145,B,18.0,1802.0,1001191716.0,화장지,유아/위생/미용
146,B,18.0,1803.0,275042600.0,생리대,유아/위생/미용
147,B,18.0,1804.0,12184930.0,유아세제,유아/위생/미용
148,B,18.0,1805.0,278829710.0,유아위생용품,유아/위생/미용
149,B,18.0,1806.0,21362600.0,시니어위생용품,유아/위생/미용
150,B,18.0,1807.0,499419649.0,여성위생용품,유아/위생/미용
151,B,18.0,1808.0,102575400.0,키친타올,유아/위생/미용
152,B,18.0,1809.0,190367280.0,물티슈,유아/위생/미용
153,B,18.0,1810.0,100477150.0,미용티슈,유아/위생/미용
154,B,19.0,1901.0,723432985.0,구강용품,유아/위생/미용
155,B,19.0,1902.0,673110380.0,헤어스타일링,유아/위생/미용
156,B,19.0,1903.0,63182630.0,면도용품,유아/위생/미용
157,B,19.0,1904.0,144700660.0,바디용품,유아/위생/미용
158,B,19.0,1905.0,254077340.0,스킨케어,유아/위생/미용
159,B,19.0,1906.0,18472910.0,개인위생용품,유아/위생/미용
160,B,19.0,1907.0,496547150.0,H&B선물세트,유아/위생/미용
161,B,19.0,1908.0,91696840.0,일반헤어케어,유아/위생/미용
162,B,19.0,1909.0,321963320.0,기능헤어케어,유아/위생/미용
163,B,20.0,2001.0,101418910.0,그릇/수저,주방/청소/세제
164,B,20.0,2002.0,168961730.0,음식조리,주방/청소/세제
165,B,20.0,2003.0,483195210.0,음식저장/보관,주방/청소/세제
166,B,20.0,2004.0,212822440.0,주방정리,주방/청소/세제
167,B,20.0,2005.0,91435740.0,야외용품,주방/청소/세제
168,B,20.0,2006.0,330975170.0,주방시즌/균일가,주방/청소/세제
169,B,20.0,2007.0,202361790.0,야외/시즌용품,주방/청소/세제
170,B,20.0,2008.0,599070660.0,균일가,주방/청소/세제
171,B,21.0,2101.0,190589490.0,청소용품,주방/청소/세제
172,B,21.0,2102.0,79843220.0,세탁용품,주방/청소/세제
173,B,21.0,2103.0,135372260.0,수납용품,주방/청소/세제
174,B,21.0,2104.0,150975540.0,욕실용품,주방/청소/세제
175,B,21.0,2105.0,13572500.0,휴지통,주방/청소/세제
176,B,21.0,2106.0,85114940.0,밀대/걸레,주방/청소/세제
177,B,21.0,2107.0,48535610.0,청소편의도구,주방/청소/세제
178,B,21.0,2108.0,194099040.0,종량제봉투,주방/청소/세제
179,B,22.0,2201.0,91410510.0,소가구,기타
180,B,22.0,2202.0,56063740.0,장식용품,기타
181,B,22.0,2203.0,21704780.0,의자/상,기타
182,B,22.0,2204.0,87197990.0,조명/전구,기타
183,B,22.0,2205.0,84272860.0,보수용품,기타
184,B,22.0,2206.0,53451580.0,건전지,기타
185,B,22.0,2207.0,113139470.0,가구/인테리어샵,기타
186,B,22.0,2208.0,2025850.0,테이블,기타
187,B,22.0,2209.0,13798470.0,의자,기타
188,B,22.0,2210.0,16375760.0,상,기타
189,B,22.0,2211.0,771100.0,제기용품,기타
190,B,22.0,2212.0,1723200.0,아웃도어퍼니처,기타
191,B,22.0,2213.0,20312980.0,벽지류,기타
192,B,22.0,2214.0,219995110.0,가구,기타
193,B,23.0,2301.0,199557491.0,성인침구류,기타
194,B,23.0,2302.0,127542140.0,수예소품,기타
195,B,23.0,2303.0,73661240.0,커튼류,기타
196,B,23.0,2304.0,118969200.0,수예시즌,기타
197,B,23.0,2305.0,20479612.0,아동침구류,기타
198,B,24.0,2401.0,98457930.0,예능학용품,생활잡화/뷰티
199,B,24.0,2402.0,43866720.0,노트/지류,생활잡화/뷰티
200,B,24.0,2403.0,104184330.0,필기도구,생활잡화/뷰티
201,B,24.0,2404.0,217856970.0,오피스용품,생활잡화/뷰티
202,B,24.0,2405.0,48070500.0,파티/팬시/시즌,생활잡화/뷰티
203,B,24.0,2406.0,52486190.0,미술용품,생활잡화/뷰티
204,B,24.0,2407.0,115082660.0,교육보조재,생활잡화/뷰티
205,B,24.0,2408.0,79153470.0,파티/팬시,생활잡화/뷰티
206,B,24.0,2409.0,27089880.0,노트,생활잡화/뷰티
207,B,24.0,2410.0,47375010.0,시즌행사,생활잡화/뷰티
208,B,25.0,2501.0,13486960.0,일반서적,기타
209,B,25.0,2502.0,4362800.0,음반,기타
210,B,25.0,2503.0,51665618.0,유/아동서적,기타
211,B,25.0,2504.0,2065300.0,영상,기타
212,B,25.0,2505.0,107435543.0,서적,기타
213,B,25.0,2506.0,11402340.0,음반영상,기타
214,B,26.0,2601.0,328921950.0,BABY/INFANT,기타
215,B,26.0,2602.0,455767715.0,GIRLS,기타
216,B,26.0,2603.0,304370880.0,교육,기타
217,B,26.0,2604.0,140755200.0,VIDEOGAME,기타
218,B,26.0,2605.0,236716850.0,남아,기타
219,B,26.0,2606.0,269727566.0,SPORTS/OUTDOOR,기타
220,B,26.0,2607.0,458988529.0,EDUCATION 1,기타
221,B,26.0,2608.0,145029920.0,EDUCATION 2,기타
222,B,26.0,2609.0,843998720.0,BOYS 1,기타
223,B,26.0,2610.0,133002460.0,BOYS 2,기타
224,B,27.0,2701.0,67460060.0,애완/동물용품,생활잡화/뷰티
225,B,27.0,2702.0,33465070.0,원예용품,생활잡화/뷰티
226,B,27.0,2703.0,366675310.0,애견용품,생활잡화/뷰티
227,B,27.0,2704.0,12202830.0,덴탈케어,생활잡화/뷰티
228,B,27.0,2705.0,42965110.0,고양이용품,생활잡화/뷰티
229,B,27.0,2706.0,105416560.0,동물병원,생활잡화/뷰티
230,B,27.0,2707.0,85724560.0,수족관용품,생활잡화/뷰티
231,B,28.0,2801.0,30131420.0,자동차 정비용품,생활잡화/뷰티
232,B,28.0,2802.0,39783330.0,자동차 청소용품,생활잡화/뷰티
233,B,28.0,2803.0,32847710.0,카시트/매트,생활잡화/뷰티
234,B,28.0,2804.0,178000.0,자동차처분,생활잡화/뷰티
235,B,28.0,2805.0,25992390.0,자동차 액세서리,생활잡화/뷰티
236,B,28.0,2806.0,87741040.0,교환/보수용품,생활잡화/뷰티
237,B,28.0,2807.0,29910460.0,세차용품,생활잡화/뷰티
238,B,28.0,2808.0,35520470.0,자동차방향제/소취제,생활잡화/뷰티
239,B,28.0,2809.0,25186570.0,자동차 편의용품,생활잡화/뷰티
240,B,28.0,2810.0,1928350.0,자동차장식용품,생활잡화/뷰티
241,B,28.0,2811.0,16346260.0,휴대폰용품,생활잡화/뷰티
242,B,28.0,2812.0,5433780.0,장착용품,생활잡화/뷰티
243,B,28.0,2813.0,12400.0,오토바이용품,생활잡화/뷰티
244,B,29.0,2901.0,231834150.0,스트리트편집샵,기타
245,B,29.0,2902.0,78793300.0,행사,기타
246,B,29.0,2903.0,1922672470.0,이지캐주얼브랜드,기타
247,B,29.0,2904.0,1476392490.0,여성캐주얼브랜드,기타
248,B,30.0,3001.0,278455500.0,비즈니스정장,기타
249,B,30.0,3002.0,459112270.0,시티캐주얼,기타
250,B,30.0,3003.0,152320600.0,복합샵,기타
251,B,30.0,3004.0,405410000.0,남성브랜드,기타
252,B,30.0,3005.0,26921480.0,남성행사,기타
253,B,30.0,3006.0,76246400.0,남성시즌행사,기타
254,B,31.0,3101.0,486442044.0,유아브랜드,기타
255,B,31.0,3102.0,201697760.0,아동복합샵,기타
256,B,31.0,3103.0,1012303620.0,아동브랜드,기타
257,B,31.0,3104.0,25521120.0,아동행사,기타
258,B,31.0,3105.0,99654820.0,유아동용품,기타
259,B,32.0,3201.0,25295880.0,유아용품,기타
260,B,32.0,3202.0,43527173.0,유아토들러,기타
261,B,32.0,3203.0,3297050.0,주니어스포츠,기타
262,B,32.0,3204.0,10993820.0,주니어웨어,기타
263,B,32.0,3205.0,20052465.0,유아동PB,기타
264,B,32.0,3206.0,8298940.0,유아동NPB,기타
265,B,32.0,3207.0,4369100.0,유아동특정,기타
266,B,33.0,3301.0,390409410.0,성인내의,기타
267,B,33.0,3302.0,277257573.0,란제리,기타
268,B,33.0,3303.0,132819180.0,양말,기타
269,B,33.0,3304.0,57787888.0,홈웨어,기타
270,B,33.0,3305.0,115598920.0,스타킹,기타
271,B,33.0,3306.0,696885188.0,란제리브랜드,기타
272,B,33.0,3307.0,101674319.0,아동내의,기타
273,B,33.0,3308.0,25960200.0,언더웨어행사,기타
274,B,34.0,3401.0,787650701.0,국내화장품,생활잡화/뷰티
275,B,34.0,3402.0,7680350.0,미용잡화,생활잡화/뷰티
276,B,34.0,3403.0,6148000.0,수입브랜드,생활잡화/뷰티
277,B,34.0,3404.0,983627837.0,화장품브랜드샵,생활잡화/뷰티
278,B,35.0,3501.0,4398000.0,스키,기타
279,B,35.0,3502.0,305388670.0,등산,기타
280,B,35.0,3503.0,567100.0,낚시,기타
281,B,35.0,3504.0,57590690.0,수영복,기타
282,B,35.0,3505.0,12857230.0,윈터스포츠,기타
283,B,35.0,3506.0,63481650.0,워터스포츠,기타
284,B,35.0,3507.0,26338900.0,스포츠웨어,기타
285,B,36.0,3601.0,31613160.0,롤러보드,기타
286,B,36.0,3602.0,64459510.0,구기용품,기타
287,B,36.0,3603.0,77876840.0,헬스용품,기타
288,B,36.0,3604.0,68649320.0,자전거,기타
289,B,36.0,3605.0,16612160.0,스포츠ACC,기타
290,B,36.0,3606.0,19409852.0,라켓스포츠,기타
291,B,36.0,3607.0,11080600.0,시니어건강용품,기타
292,B,36.0,3608.0,24752340.0,스포츠의류,기타
293,B,37.0,3701.0,17415716.0,분식,기타
294,B,37.0,3702.0,33197800.0,양식,기타
295,B,37.0,3703.0,65951600.0,일식,기타
296,B,37.0,3704.0,56705450.0,중식,기타
297,B,37.0,3705.0,106304300.0,한식,기타
298,B,37.0,3706.0,3150580.0,패스트푸드,기타
299,B,37.0,3707.0,65741425.0,레스토랑,기타
300,B,37.0,3708.0,5984900.0,카페,기타
301,B,37.0,3709.0,417594740.0,푸드코트,기타
302,B,37.0,3710.0,53079205.0,컨세션,기타
303,B,38.0,3801.0,16731735.0,해초류,과일/채소/곡물
304,B,38.0,3802.0,270366189.0,나물,과일/채소/곡물
305,B,38.0,3803.0,246866427.0,콩나물,과일/채소/곡물
306,B,38.0,3804.0,854669481.0,두부,과일/채소/곡물
307,B,38.0,3805.0,107690180.0,간편채소,과일/채소/곡물
308,B,38.0,3806.0,25762358.0,묵,과일/채소/곡물
309,B,38.0,3807.0,40861098.0,즉석참기름,과일/채소/곡물
310,B,38.0,3808.0,108520296.0,묵/즉석참기름,과일/채소/곡물
311,B,39.0,3901.0,23000000.0,냉장고,기타
312,B,39.0,3902.0,10511000.0,세탁기,기타
313,B,39.0,3903.0,39596000.0,TV,기타
314,B,39.0,3904.0,69000.0,DVD,기타
315,B,39.0,3905.0,1398400.0,오디오,기타
316,B,39.0,3906.0,234000.0,홈시어터,기타
317,B,39.0,3907.0,15443000.0,김치냉장고,기타
318,B,40.0,4001.0,52000.0,정수기,기타
319,B,40.0,4002.0,3240100.0,공기청정기,기타
320,B,40.0,4003.0,7460000.0,에어컨,기타
321,B,40.0,4004.0,681500.0,선풍기,기타
322,B,40.0,4005.0,952600.0,히터기,기타
323,B,40.0,4006.0,9351300.0,전기요/장판,기타
324,B,40.0,4007.0,1511900.0,가습기,기타
325,B,40.0,4008.0,3142400.0,건강가전,기타
1,B,41.0,4101.0,22072900.0,밥솥,기타
2,B,41.0,4102.0,24000.0,주방소형가전,기타
3,B,41.0,4103.0,11578800.0,청소기,기타
4,B,41.0,4104.0,2188130.0,전기포트,기타
5,B,41.0,4105.0,6139090.0,믹서기,기타
6,B,41.0,4106.0,9930250.0,생활소형가전,기타
7,B,41.0,4107.0,3168760.0,커피메이커/머신,기타
8,B,41.0,4108.0,7329650.0,기타주방가전,기타
9,B,41.0,4109.0,8473000.0,조리기,기타
10,B,42.0,4201.0,23000.0,소형음향기기,기타
11,B,42.0,4202.0,1830600.0,카메라/캠코더,기타
12,B,42.0,4203.0,1079590.0,전화기/팩스,기타
13,B,42.0,4204.0,7934100.0,이동통신,기타
14,B,42.0,4205.0,17268900.0,PC,기타
15,B,42.0,4206.0,10500680.0,컴퓨터주변기기,기타
16,B,42.0,4207.0,1036100.0,전기면도기,기타
17,B,42.0,4208.0,170200.0,건강디지털기기,기타
18,B,42.0,4209.0,887800.0,NAVI/하이패스,기타
19,B,42.0,4210.0,2457600.0,기타음향기기,기타
20,B,42.0,4211.0,7600.0,전자악기,기타
21,B,42.0,4212.0,89000.0,MP3/PMP,기타
22,B,42.0,4213.0,179000.0,전자학습기,기타
23,B,43.0,4301.0,674079900.0,어묵맛살,유제품/냉장/냉동
24,B,43.0,4302.0,152659820.0,냉장면류,유제품/냉장/냉동
25,B,43.0,4303.0,445516986.0,햄소시지,유제품/냉장/냉동
26,B,43.0,4304.0,356442340.0,냉장반찬,유제품/냉장/냉동
27,B,43.0,4305.0,570332080.0,냉동만두,유제품/냉장/냉동
28,B,43.0,4306.0,481491170.0,냉동간식,유제품/냉장/냉동
29,B,43.0,4307.0,66815820.0,냉동대용식,유제품/냉장/냉동
30,B,43.0,4308.0,408098090.0,아이스크림,유제품/냉장/냉동
31,B,43.0,4309.0,335780795.0,햄,유제품/냉장/냉동
32,B,43.0,4310.0,353437054.0,소시지,유제품/냉장/냉동
33,B,43.0,4311.0,9883500.0,냉장햄세트,유제품/냉장/냉동
34,B,44.0,4401.0,214892700.0,드레스화브랜드,기타
35,B,44.0,4402.0,75207500.0,캐주얼화브랜드,기타
36,B,44.0,4403.0,1529200.0,아동화브랜드,기타
37,B,44.0,4404.0,21765300.0,슈즈행사,기타
38,B,44.0,4405.0,4846580.0,남성구두,기타
39,B,44.0,4406.0,6504000.0,여성구두,기타
40,B,44.0,4407.0,17045820.0,샌들슬리퍼,기타
41,B,44.0,4408.0,186105000.0,NB구두,기타
42,B,44.0,4409.0,30998220.0,운동화,기타
43,B,45.0,4501.0,193634900.0,준보석,기타
44,B,45.0,4502.0,305737730.0,시계,기타
45,B,45.0,4503.0,200302860.0,액세서리,기타
46,B,45.0,4504.0,134765580.0,피혁브랜드,기타
47,B,45.0,4505.0,71007500.0,가방브랜드,기타
48,B,45.0,4506.0,65379850.0,잡화멀티샵,기타
49,B,45.0,4507.0,55354200.0,미입점행사,기타
50,B,45.0,4508.0,1980600.0,지갑,기타
51,B,45.0,4509.0,5922940.0,벨트,기타
52,B,45.0,4510.0,722900.0,핸드백,기타
53,B,45.0,4511.0,76415610.0,가방,기타
54,B,45.0,4512.0,114740200.0,피혁토탈,기타
55,B,45.0,4513.0,18873010.0,모자,기타
56,B,45.0,4514.0,20926990.0,우산/양산,기타
57,B,45.0,4515.0,4980280.0,스카프,기타
58,B,45.0,4516.0,3678820.0,장갑,기타
59,B,45.0,4517.0,17491350.0,시즌토탈,기타
60,B,45.0,4518.0,4379390.0,썬글라스,기타
61,B,45.0,4519.0,571200.0,여행용품,기타
62,B,46.0,4601.0,826975101.0,우육,수산/정육
63,B,46.0,4602.0,481350712.0,수입육,수산/정육
64,B,46.0,4603.0,1212027115.0,일반한우,수산/정육
65,B,46.0,4604.0,68984385.0,한우선물세트,수산/정육
66,B,46.0,4605.0,455460305.0,브랜드한우,수산/정육
67,B,47.0,4701.0,925248992.0,닭고기,수산/정육
68,B,47.0,4702.0,405028600.0,계란,수산/정육
69,B,47.0,4703.0,192575011.0,오리고기,수산/정육
70,B,48.0,4801.0,290423062.0,양념육,수산/정육
71,B,48.0,4802.0,906136786.0,돼지고기,수산/정육
72,B,48.0,4803.0,1013869567.0,브랜드돼지고기,수산/정육
73,B,48.0,4804.0,886105448.0,차별화돼지고기,수산/정육
74,B,48.0,4805.0,6500.0,온라인돼지고기,수산/정육
75,B,49.0,4901.0,16363860.0,마담/어덜트,기타
76,B,49.0,4902.0,40037690.0,미시캐주얼,기타
77,B,49.0,4903.0,3597466.0,여성베이직,기타
78,B,49.0,4904.0,23859294.0,여성이지캐주얼,기타
79,B,49.0,4905.0,39340300.0,여성PB,기타
80,B,49.0,4906.0,3432500.0,여성NPB,기타
81,B,49.0,4907.0,2704100.0,여성특정,기타
82,B,50.0,5001.0,2871200.0,병행수입,기타
83,B,50.0,5002.0,5332060.0,남성베이직,기타
84,B,50.0,5003.0,15836365.0,남성스포츠,기타
85,B,50.0,5004.0,12875530.0,남성어덜트캐주얼,기타
86,B,50.0,5005.0,51977610.0,남성이지캐주얼,기타
87,B,50.0,5006.0,49632950.0,남성스포츠PB,기타
88,B,50.0,5007.0,2280270.0,남성스포츠NPB,기타
89,B,50.0,5008.0,3223100.0,남성스포츠특정,기타
90,B,51.0,5101.0,226500.0,스포츠브랜드편집,기타
91,B,51.0,5102.0,424509930.0,스포츠NB,기타
92,B,51.0,5103.0,220081540.0,골프,기타
93,B,51.0,5104.0,48779800.0,시즌행사,기타
94,B,51.0,5105.0,752645750.0,브랜드,기타
95,B,52.0,5201.0,684546774.0,과실과일,과일/채소/곡물
96,B,52.0,5202.0,685768865.0,과채과일,과일/채소/곡물
97,B,52.0,5203.0,142009430.0,선물세트,과일/채소/곡물
98,B,52.0,5204.0,88610838.0,친환경과일,과일/채소/곡물
99,B,52.0,5205.0,454599320.0,감귤,과일/채소/곡물
100,B,52.0,5206.0,110870245.0,감,과일/채소/곡물
101,B,52.0,5207.0,188952342.0,복숭아,과일/채소/곡물
102,B,52.0,5208.0,54007803.0,자두,과일/채소/곡물
103,B,52.0,5209.0,263278900.0,토마토,과일/채소/곡물
104,B,52.0,5210.0,227777406.0,포도,과일/채소/곡물
105,B,52.0,5211.0,178327848.0,참외,과일/채소/곡물
106,B,52.0,5212.0,258457635.0,수박,과일/채소/곡물
107,B,52.0,5213.0,388319920.0,딸기,과일/채소/곡물
108,B,52.0,5214.0,55071907.0,메론,과일/채소/곡물
109,B,53.0,5301.0,4344800.0,선물세트,과일/채소/곡물
110,B,53.0,5302.0,111206814.0,수입감귤과일,과일/채소/곡물
111,B,53.0,5303.0,51131267.0,수입기타과일,과일/채소/곡물
112,B,53.0,5304.0,287982566.0,열대과일,과일/채소/곡물
113,B,53.0,5305.0,60324180.0,키위/석류,과일/채소/곡물
114,B,53.0,5306.0,204741781.0,포도/체리,과일/채소/곡물
115,B,53.0,5307.0,815900.0,오렌지과일선물세트,과일/채소/곡물
116,B,53.0,5308.0,103510427.0,오렌지,과일/채소/곡물
117,B,53.0,5309.0,33448736.0,자몽,과일/채소/곡물
118,B,53.0,5310.0,49460360.0,오렌지과일기타,과일/채소/곡물
119,B,53.0,5311.0,20532236.0,석류,과일/채소/곡물
120,B,53.0,5312.0,31278078.0,레몬,과일/채소/곡물
121,B,54.0,5401.0,392655676.0,생선회,수산/정육
122,B,54.0,5402.0,288559104.0,해물연체류,수산/정육
123,B,54.0,5403.0,46569888.0,간편조리생선,수산/정육
124,B,54.0,5404.0,15137145.0,생선초밥,수산/정육
125,B,54.0,5405.0,52894460.0,기타회,수산/정육
126,B,55.0,5501.0,800714033.0,건과,가공식품
127,B,55.0,5502.0,2616719.0,친환경채소,가공식품
128,B,55.0,5503.0,43602250.0,건강선물세트,가공식품
129,B,55.0,5504.0,26336210.0,냉동가공,가공식품
130,B,55.0,5505.0,56211431.0,생활한방,가공식품
131,B,55.0,5506.0,85066430.0,한방식재류,가공식품
132,B,55.0,5507.0,17235288.0,한방차,가공식품
133,B,56.0,5601.0,105133809.0,밥류,유제품/냉장/냉동
134,B,56.0,5602.0,51412238.0,간편조리,유제품/냉장/냉동
135,B,56.0,5603.0,160407134.0,김/초밥,유제품/냉장/냉동
136,B,56.0,5604.0,47782975.0,도시락,유제품/냉장/냉동
137,B,56.0,5605.0,63927325.0,간편조리,유제품/냉장/냉동
138,B,57.0,5701.0,61406827.0,선식,유제품/냉장/냉동
139,B,57.0,5702.0,222775255.0,떡,유제품/냉장/냉동
140,B,57.0,5703.0,103186807.0,족발,유제품/냉장/냉동
141,B,58.0,5801.0,52013276.0,족발,유제품/냉장/냉동
142,B,58.0,5802.0,10202409.0,순대,유제품/냉장/냉동
143,B,59.0,5901.0,42804685.0,단무지류,유제품/냉장/냉동
144,B,59.0,5902.0,8676762.0,포장반찬,유제품/냉장/냉동
145,B,59.0,5903.0,30119023.0,김치류,유제품/냉장/냉동
146,B,59.0,5904.0,67512865.0,반찬류,유제품/냉장/냉동
147,B,59.0,5905.0,6302660.0,포장젓갈,유제품/냉장/냉동
148,B,60.0,6001.0,29152799.0,젓갈류,가공식품
149,B,61.0,6101.0,73346286.0,브랜드푸드몰,간편식
150,B,61.0,6102.0,91296163.0,간식조리,간편식
151,B,62.0,6201.0,261991513.0,빵,유제품/냉장/냉동
152,B,62.0,6202.0,53140940.0,피자,유제품/냉장/냉동
153,B,63.0,6301.0,28882134.0,반찬,유제품/냉장/냉동
154,B,63.0,6302.0,37138734.0,전통간식,유제품/냉장/냉동
155,B,63.0,6303.0,75929860.0,먹거리,유제품/냉장/냉동
156,B,63.0,6304.0,150816263.0,먹거리행사,유제품/냉장/냉동
157,B,63.0,6305.0,40090401.0,시즌행사,유제품/냉장/냉동
158,B,63.0,6306.0,33532858.0,맛집행사,유제품/냉장/냉동
159,B,63.0,6307.0,31994714.0,즉석구이안주,유제품/냉장/냉동
160,B,63.0,6308.0,39239806.0,즉석구이김,유제품/냉장/냉동
161,B,63.0,6309.0,42431869.0,특산물행사,유제품/냉장/냉동
162,B,64.0,6401.0,65434240.0,블루베리,과일/채소/곡물
163,B,64.0,6402.0,138479101.0,체리,과일/채소/곡물
164,B,64.0,6403.0,141616498.0,수입포도,과일/채소/곡물
165,B,64.0,6404.0,139606682.0,냉동과일,과일/채소/곡물
166,B,65.0,6501.0,25923502.0,열대과일기타,과일/채소/곡물
167,B,65.0,6502.0,426020780.0,바나나,과일/채소/곡물
168,B,65.0,6503.0,42439008.0,파인애플,과일/채소/곡물
169,B,65.0,6504.0,63986753.0,망고,과일/채소/곡물
170,B,65.0,6505.0,139296074.0,키위,과일/채소/곡물
171,B,65.0,6506.0,3520200.0,열대과일선물세트,과일/채소/곡물
172,B,66.0,6601.0,116126490.0,남성용품,생활잡화/뷰티
173,B,66.0,6602.0,47275520.0,개인위생용품,생활잡화/뷰티
174,B,66.0,6603.0,319521160.0,바디케어,생활잡화/뷰티
175,B,66.0,6604.0,100430710.0,훼이셜케어,생활잡화/뷰티
176,B,66.0,6605.0,121839890.0,베이비케어,생활잡화/뷰티
177,B,66.0,6606.0,34601800.0,풋/핸드케어,생활잡화/뷰티
178,B,66.0,6607.0,21966410.0,미용소품,생활잡화/뷰티
179,B,66.0,6608.0,33354610.0,아로마,생활잡화/뷰티
1,B,67.0,6701.0,16414300.0,피자,가공식품
2,B,67.0,6702.0,305435567.0,간식,가공식품
3,B,67.0,6703.0,49986460.0,디저트,가공식품
4,B,67.0,6704.0,521095321.0,베이커리,가공식품
5,B,68.0,6801.0,93599220.0,남성양말,생활잡화/뷰티
6,B,68.0,6802.0,43352464.0,여성양말,생활잡화/뷰티
7,B,68.0,6803.0,40116702.0,아동양말,생활잡화/뷰티
8,B,68.0,6804.0,32649688.0,덧신,생활잡화/뷰티
9,B,68.0,6805.0,6703036.0,주니어양말,생활잡화/뷰티
10,B,68.0,6806.0,15281470.0,양말선물세트,생활잡화/뷰티
11,B,68.0,6807.0,44970.0,온라인양말,생활잡화/뷰티
12,B,68.0,6808.0,73117700.0,언더웨어행사,생활잡화/뷰티
13,B,69.0,6901.0,15919490.0,시즌슈즈,기타
14,B,69.0,6902.0,18947150.0,스포츠슈즈,기타
15,B,69.0,6903.0,41862450.0,아동슈즈,기타
16,B,69.0,6904.0,32202150.0,캐주얼슈즈,기타
17,B,69.0,6905.0,2966190.0,슈즈용품,기타
18,B,70.0,7001.0,7520200.0,지갑/벨트,기타
19,B,70.0,7002.0,23266330.0,가방,기타
20,B,70.0,7003.0,21859130.0,TRAVEL,기타
21,B,70.0,7004.0,36199590.0,모자,기타
22,B,70.0,7005.0,26081800.0,우산/양산,기타
23,B,70.0,7006.0,11675190.0,시즌잡화,기타
24,B,70.0,7007.0,26491210.0,장갑,기타
25,B,71.0,7101.0,585437140.0,브랜드,기타
26,B,71.0,7102.0,13625010.0,등산,기타
27,B,71.0,7103.0,23951800.0,캠핑,기타
28,B,72.0,7201.0,582611815.0,잡곡,과일/채소/곡물
29,B,72.0,7202.0,118295323.0,선식,과일/채소/곡물
30,B,72.0,7203.0,73180.0,온라인잡곡선식,과일/채소/곡물
31,B,73.0,7301.0,10772110.0,포장반찬HMR,유제품/냉장/냉동
32,B,73.0,7302.0,169147730.0,냉동HMR,유제품/냉장/냉동
33,B,73.0,7303.0,130760130.0,냉장간편식HMR,유제품/냉장/냉동
34,B,73.0,7304.0,288970699.0,냉장식사HMR,유제품/냉장/냉동
35,B,74.0,7401.0,895777032.0,라면,가공식품
36,B,74.0,7402.0,163425280.0,면류,가공식품
37,B,74.0,7403.0,173417210.0,간편요리,가공식품
38,B,74.0,7404.0,185394760.0,밥죽류,가공식품
39,B,74.0,7405.0,242955560.0,브랜드빵,가공식품
40,B,74.0,7406.0,159960460.0,시리얼,가공식품
41,B,75.0,7501.0,52817860.0,비타민,가공식품
42,B,75.0,7502.0,148516390.0,기능성건강,가공식품
43,B,75.0,7503.0,389756570.0,홍인삼,가공식품
44,B,75.0,7504.0,104467500.0,담배,가공식품
45,B,75.0,7505.0,136858770.0,건강선물세트,가공식품
46,B,76.0,7601.0,33630406.0,수입연어,수산/정육
47,B,76.0,7602.0,49404668.0,수입고등어,수산/정육
48,B,76.0,7603.0,38820738.0,수입갈치,수산/정육
49,B,76.0,7604.0,81929660.0,수입게,수산/정육
50,B,76.0,7605.0,28042350.0,수입기타생선,수산/정육
51,B,77.0,7701.0,55423909.0,냉동규격생선,수산/정육
52,B,77.0,7702.0,48012701.0,냉동규격해물,수산/정육
53,B,77.0,7703.0,3650000.0,규격생선선물세트,수산/정육
54,B,77.0,7704.0,50484040.0,냉장규격생선,수산/정육
55,B,77.0,7705.0,7500.0,온라인규격/간편조리생선,수산/정육
56,B,77.0,7706.0,23344050.0,규격RTC,수산/정육
57,B,77.0,7707.0,37628826.0,간편조리행사,수산/정육
58,B,78.0,7801.0,94882177.0,굴비,수산/정육
59,B,78.0,7802.0,89961439.0,반건생선,수산/정육
60,B,78.0,7803.0,14859400.0,굴비/반건생선선물세트,수산/정육
61,B,79.0,7901.0,22756882.0,해초,수산/정육
62,B,79.0,7902.0,276457461.0,조개,수산/정육
63,B,79.0,7903.0,174405684.0,조개살,수산/정육
64,B,79.0,7904.0,119044957.0,연체,수산/정육
65,B,79.0,7905.0,95326808.0,새우,수산/정육
66,B,79.0,7906.0,859000.0,해물선물세트,수산/정육
67,B,79.0,7907.0,27200.0,온라인해물연체,수산/정육
68,B,80.0,8001.0,7149160.0,특산물행사,수산/정육
69,B,80.0,8002.0,170581110.0,멸치,수산/정육
70,B,80.0,8003.0,17712830.0,천연조미료,수산/정육
71,B,80.0,8004.0,71912450.0,황태,수산/정육
72,B,80.0,8005.0,64076470.0,미역/다시마,수산/정육
73,B,80.0,8006.0,10766700.0,멸치황태미역선물세트,수산/정육
74,B,81.0,8101.0,7016078.0,즉석구이김,수산/정육
75,B,81.0,8102.0,49668600.0,마른김,수산/정육
76,B,81.0,8103.0,223161430.0,조미김,수산/정육
77,B,81.0,8104.0,50341400.0,김가공품,수산/정육
78,B,81.0,8105.0,31133280.0,김선물세트,수산/정육
79,B,82.0,8201.0,282230815.0,미국산소고기,수산/정육
80,B,82.0,8202.0,707985037.0,호주산소고기,수산/정육
81,B,82.0,8203.0,7905900.0,수입육선물세트,수산/정육
82,B,82.0,8204.0,52308776.0,수입돼지고기,수산/정육
83,B,82.0,8205.0,7885909.0,기타국소고기,수산/정육
84,B,83.0,8301.0,344978757.0,양념육,가공식품
85,B,83.0,8302.0,129231883.0,육가공품,가공식품
86,B,84.0,8401.0,139522350.0,그릇/수저,주방/청소/세제
87,B,84.0,8402.0,54895530.0,유아식기,주방/청소/세제
88,B,84.0,8403.0,225074970.0,조리용기,주방/청소/세제
89,B,84.0,8404.0,86398100.0,조리도구,주방/청소/세제
90,B,85.0,8501.0,2718990.0,주방가전,기타
91,B,85.0,8502.0,28452080.0,시즌/건강가전,기타
92,B,86.0,8601.0,56440690.0,패브릭욕실용품,기타
93,B,86.0,8602.0,21405030.0,매트,기타
94,B,86.0,8603.0,5992200.0,프리미엄매트,기타
95,B,86.0,8604.0,96617400.0,일반욕실용품,기타
96,B,86.0,8605.0,6920250.0,DIY욕실용품,기타
97,B,86.0,8606.0,55312820.0,수도용품,기타
98,B,87.0,8701.0,41296470.0,조명기구,기타
99,B,87.0,8702.0,109747950.0,전구,기타
100,B,87.0,8703.0,65605580.0,전기용품,기타
101,B,87.0,8704.0,19149260.0,안전용품,기타
102,B,87.0,8705.0,76532980.0,보수용품,기타
103,B,87.0,8706.0,21613870.0,공구,기타
104,B,87.0,8707.0,98126200.0,건전지,기타
105,B,88.0,8801.0,186601535.0,브랜드침구,기타
106,B,88.0,8802.0,131845590.0,성인침구,기타
107,B,88.0,8803.0,24711650.0,아동침구,기타
108,B,89.0,8901.0,767804229.0,계란,과일/채소/곡물
109,B,89.0,8902.0,8974950.0,가공란,과일/채소/곡물
110,B,90.0,9001.0,2812313750.0,기초화장품,생활잡화/뷰티
111,B,90.0,9002.0,403455210.0,색조화장품,생활잡화/뷰티
112,B,90.0,9003.0,121271790.0,드럭스토어,생활잡화/뷰티
113,B,90.0,9004.0,20300.0,온라인화장품,생활잡화/뷰티
114,B,91.0,9101.0,346235463.0,양념채소,가공식품
115,B,91.0,9102.0,360520792.0,뿌리채소,가공식품
116,B,91.0,9103.0,9900.0,온라인양념/뿌리채소,가공식품
117,B,92.0,9201.0,408691000.0,사과,과일/채소/곡물
118,B,92.0,9202.0,98197495.0,배,과일/채소/곡물
119,B,92.0,9203.0,155242020.0,국산과일선물세트,과일/채소/곡물
120,B,92.0,9204.0,14900.0,온라인저장과일,과일/채소/곡물
121,B,92.0,9205.0,201578713.0,구색과일,과일/채소/곡물
122,B,92.0,9206.0,51523169.0,밤,과일/채소/곡물
