,custid,gender
0,3500,0.56
1,3501,0.2
2,3502,0.23
3,3503,0.5
4,3504,0.57
5,3505,0.44
6,3506,0.55
7,3507,0.82
8,3508,0.244
9,3509,0.25
10,3510,0.15
11,3511,0.24
12,3512,0.26
13,3513,0.2
14,3514,0.64
15,3515,0.17
16,3516,0.06
17,3517,0.41
18,3518,0.49
19,3519,0.625
20,3520,0.6
21,3521,0.29
22,3522,0.72
23,3523,0.32
24,3524,0.62
25,3525,0.355
26,3526,0.21
27,3527,0.55
28,3528,0.59
29,3529,0.35
30,3530,0.46
31,3531,0.61
32,3532,0.35
33,3533,0.41
34,3534,0.51
35,3535,0.65
36,3536,0.61
37,3537,0.3
38,3538,0.49
39,3539,0.5
40,3540,0.22
41,3541,0.37
42,3542,0.68
43,3543,0.44
44,3544,0.24
45,3545,0.33
46,3546,0.14
47,3547,0.13
48,3548,0.3908333333333333
49,3549,0.46
50,3550,0.48
51,3551,0.64
52,3552,0.29
53,3553,0.49
54,3554,0.36
55,3555,0.2
56,3556,0.42
57,3557,0.3
58,3558,0.3
59,3559,0.13
60,3560,0.57
61,3561,0.55
62,3562,0.29
63,3563,0.28
64,3564,0.44
65,3565,0.7225
66,3566,0.18
67,3567,0.67
68,3568,0.33
69,3569,0.635
70,3570,0.27
71,3571,0.35
72,3572,0.6355
73,3573,0.25
74,3574,0.54
75,3575,0.355
76,3576,0.39
77,3577,0.32
78,3578,0.26
79,3579,0.08
80,3580,0.72
81,3581,0.475
82,3582,0.47
83,3583,0.5
84,3584,0.65
85,3585,0.17
86,3586,0.47
87,3587,0.23
88,3588,0.22
89,3589,0.4825
90,3590,0.62
91,3591,0.25
92,3592,0.61
93,3593,0.58
94,3594,0.18
95,3595,0.52
96,3596,0.45
97,3597,0.43
98,3598,0.51
99,3599,0.48
100,3600,0.52
101,3601,0.17
102,3602,0.31
103,3603,0.11
104,3604,0.64
105,3605,0.3
106,3606,0.7188333333333332
107,3607,0.33
108,3608,0.3
109,3609,0.43
110,3610,0.45
111,3611,0.395
112,3612,0.76
113,3613,0.22
114,3614,0.59
115,3615,0.19
116,3616,0.43
117,3617,0.71
118,3618,0.44
119,3619,0.18
120,3620,0.36
121,3621,0.545
122,3622,0.54
123,3623,0.51
124,3624,0.2
125,3625,0.3175
126,3626,0.34
127,3627,0.17
128,3628,0.6
129,3629,0.19
130,3630,0.22
131,3631,0.52
132,3632,0.38
133,3633,0.36
134,3634,0.3
135,3635,0.42
136,3636,0.46
137,3637,0.37
138,3638,0.20666666666666664
139,3639,0.6
140,3640,0.51
141,3641,0.15
142,3642,0.73
143,3643,0.19
144,3644,0.25
145,3645,0.41
146,3646,0.22
147,3647,0.18
148,3648,0.345
149,3649,0.84
150,3650,0.31
151,3651,0.41
152,3652,0.29
153,3653,0.48
154,3654,0.52
155,3655,0.34
156,3656,0.48
157,3657,0.11
158,3658,0.28
159,3659,0.11
160,3660,0.27
161,3661,0.53
162,3662,0.26
163,3663,0.36
164,3664,0.505
165,3665,0.62
166,3666,0.88
167,3667,0.19
168,3668,0.37
169,3669,0.47
170,3670,0.24
171,3671,0.38
172,3672,0.15
173,3673,0.54
174,3674,0.62
175,3675,0.53
176,3676,0.29
177,3677,0.655
178,3678,0.41
179,3679,0.67
180,3680,0.2
181,3681,0.52
182,3682,0.5616666666666668
183,3683,0.08
184,3684,0.6
185,3685,0.42
186,3686,0.6
187,3687,0.42
188,3688,0.25
189,3689,0.59
190,3690,0.51
191,3691,0.08
192,3692,0.27
193,3693,0.48
194,3694,0.25
195,3695,0.84
196,3696,0.575
197,3697,0.36
198,3698,0.24
199,3699,0.65
200,3700,0.4
201,3701,0.46
202,3702,0.23
203,3703,0.45
204,3704,0.49
205,3705,0.46
206,3706,0.31
207,3707,0.29
208,3708,0.11
209,3709,0.3
210,3710,0.29
211,3711,0.14
212,3712,0.67
213,3713,0.25
214,3714,0.66
215,3715,0.3
216,3716,0.33
217,3717,0.43
218,3718,0.07
219,3719,0.47
220,3720,0.635
221,3721,0.315
222,3722,0.2
223,3723,0.52
224,3724,0.614
225,3725,0.54
226,3726,0.6
227,3727,0.474
228,3728,0.64
229,3729,0.5
230,3730,0.38
231,3731,0.59
232,3732,0.5025
233,3733,0.745
234,3734,0.16
235,3735,0.37
236,3736,0.25
237,3737,0.63
238,3738,0.35
239,3739,0.65
240,3740,0.55
241,3741,0.525
242,3742,0.32
243,3743,0.27
244,3744,0.27
245,3745,0.18
246,3746,0.52
247,3747,0.19
248,3748,0.17
249,3749,0.72
250,3750,0.21
251,3751,0.62
252,3752,0.27
253,3753,0.425
254,3754,0.3
255,3755,0.715
256,3756,0.61
257,3757,0.57
258,3758,0.65
259,3759,0.2
260,3760,0.22
261,3761,0.53
262,3762,0.34
263,3763,0.15
264,3764,0.34083333333333327
265,3765,0.28
266,3766,0.5
267,3767,0.59
268,3768,0.07
269,3769,0.22
270,3770,0.685
271,3771,0.22
272,3772,0.66
273,3773,0.38
274,3774,0.34
275,3775,0.73
276,3776,0.69
277,3777,0.44
278,3778,0.25
279,3779,0.36
280,3780,0.39
281,3781,0.44
282,3782,0.52
283,3783,0.21
284,3784,0.5
285,3785,0.78
286,3786,0.63
287,3787,0.53
288,3788,0.39
289,3789,0.25
290,3790,0.09
291,3791,0.25
292,3792,0.53
293,3793,0.61
294,3794,0.31
295,3795,0.6
296,3796,0.12
297,3797,0.53
298,3798,0.39
299,3799,0.46
300,3800,0.17
301,3801,0.05
302,3802,0.24
303,3803,0.28
304,3804,0.21
305,3805,0.38
306,3806,0.57
307,3807,0.38
308,3808,0.53
309,3809,0.37
310,3810,0.6
311,3811,0.575
312,3812,0.595
313,3813,0.49
314,3814,0.26
315,3815,0.48
316,3816,0.31
317,3817,0.16
318,3818,0.55
319,3819,0.21
320,3820,0.59
321,3821,0.485
322,3822,0.13
323,3823,0.1
324,3824,0.27
325,3825,0.62
326,3826,0.23
327,3827,0.51
328,3828,0.27
329,3829,0.47
330,3830,0.86
331,3831,0.15
332,3832,0.2
333,3833,0.1
334,3834,0.31
335,3835,0.27
336,3836,0.46
337,3837,0.19
338,3838,0.8
339,3839,0.61
340,3840,0.39
341,3841,0.25
342,3842,0.41
343,3843,0.25
344,3844,0.47
345,3845,0.31
346,3846,0.35
347,3847,0.32
348,3848,0.38
349,3849,0.425
350,3850,0.31
351,3851,0.17
352,3852,0.39
353,3853,0.51
354,3854,0.59
355,3855,0.18
356,3856,0.48
357,3857,0.27
358,3858,0.35
359,3859,0.48
360,3860,0.77
361,3861,0.31
362,3862,0.54
363,3863,0.42
364,3864,0.59
365,3865,0.67
366,3866,0.77
367,3867,0.8
368,3868,0.4525
369,3869,0.45
370,3870,0.19
371,3871,0.64
372,3872,0.64
373,3873,0.58
374,3874,0.61
375,3875,0.06
376,3876,0.57
377,3877,0.26
378,3878,0.57
379,3879,0.73
380,3880,0.67
381,3881,0.14
382,3882,0.1
383,3883,0.55
384,3884,0.32
385,3885,0.5
386,3886,0.57
387,3887,0.34
388,3888,0.5
389,3889,0.15
390,3890,0.52
391,3891,0.19
392,3892,0.19
393,3893,0.5
394,3894,0.1
395,3895,0.02
396,3896,0.22
397,3897,0.14
398,3898,0.77
399,3899,0.25
400,3900,0.66
401,3901,0.65
402,3902,0.3
403,3903,0.32
404,3904,0.42
405,3905,0.28
406,3906,0.57
407,3907,0.16
408,3908,0.26
409,3909,0.66
410,3910,0.26
411,3911,0.06
412,3912,0.6355
413,3913,0.76
414,3914,0.48
415,3915,0.24
416,3916,0.23
417,3917,0.61
418,3918,0.6916666666666668
419,3919,0.11
420,3920,0.6
421,3921,0.52
422,3922,0.44
423,3923,0.235
424,3924,0.66
425,3925,0.28
426,3926,0.48
427,3927,0.29
428,3928,0.49
429,3929,0.49
430,3930,0.2
431,3931,0.11
432,3932,0.6
433,3933,0.56
434,3934,0.15
435,3935,0.28
436,3936,0.13
437,3937,0.34
438,3938,0.63
439,3939,0.6025
440,3940,0.67
441,3941,0.52
442,3942,0.05
443,3943,0.3
444,3944,0.18
445,3945,0.57
446,3946,0.51
447,3947,0.09
448,3948,0.44
449,3949,0.53
450,3950,0.29
451,3951,0.6
452,3952,0.26
453,3953,0.43
454,3954,0.84
455,3955,0.5
456,3956,0.54
457,3957,0.14
458,3958,0.49
459,3959,0.32
460,3960,0.285
461,3961,0.49
462,3962,0.49
463,3963,0.19
464,3964,0.56
465,3965,0.38
466,3966,0.45
467,3967,0.41
468,3968,0.61
469,3969,0.2
470,3970,0.28
471,3971,0.19
472,3972,0.59
473,3973,0.425
474,3974,0.21
475,3975,0.515
476,3976,0.55
477,3977,0.4
478,3978,0.66
479,3979,0.62
480,3980,0.35
481,3981,0.3
482,3982,0.23
483,3983,0.37
484,3984,0.37
485,3985,0.1
486,3986,0.14
487,3987,0.31
488,3988,0.26
489,3989,0.495
490,3990,0.34
491,3991,0.63
492,3992,0.09
493,3993,0.17
494,3994,0.13
495,3995,0.51
496,3996,0.3
497,3997,0.2
498,3998,0.635
499,3999,0.425
500,4000,0.55
501,4001,0.6
502,4002,0.29
503,4003,0.35
504,4004,0.33
505,4005,0.55
506,4006,0.63
507,4007,0.53
508,4008,0.44
509,4009,0.47
510,4010,0.37
511,4011,0.41
512,4012,0.58
513,4013,0.22
514,4014,0.2
515,4015,0.54
516,4016,0.67
517,4017,0.28
518,4018,0.62
519,4019,0.33
520,4020,0.25
521,4021,0.64
522,4022,0.63
523,4023,0.33
524,4024,0.69
525,4025,0.59
526,4026,0.66
527,4027,0.5
528,4028,0.5
529,4029,0.15
530,4030,0.06
531,4031,0.17
532,4032,0.49
533,4033,0.41666666666666674
534,4034,0.47
535,4035,0.68
536,4036,0.41
537,4037,0.15
538,4038,0.34
539,4039,0.13
540,4040,0.23
541,4041,0.41
542,4042,0.31
543,4043,0.33
544,4044,0.54
545,4045,0.72
546,4046,0.29
547,4047,0.29
548,4048,0.56
549,4049,0.57
550,4050,0.17
551,4051,0.28
552,4052,0.16
553,4053,0.41
554,4054,0.47
555,4055,0.56
556,4056,0.59
557,4057,0.48
558,4058,0.58
559,4059,0.79
560,4060,0.55
561,4061,0.51
562,4062,0.345
563,4063,0.27
564,4064,0.64
565,4065,0.49
566,4066,0.2
567,4067,0.22
568,4068,0.11
569,4069,0.63
570,4070,0.29
571,4071,0.48
572,4072,0.25
573,4073,0.16
574,4074,0.45
575,4075,0.54
576,4076,0.12
577,4077,0.2
578,4078,0.56
579,4079,0.23
580,4080,0.5
581,4081,0.32
582,4082,0.35
583,4083,0.55
584,4084,0.395
585,4085,0.26
586,4086,0.4775
587,4087,0.42
588,4088,0.47
589,4089,0.36
590,4090,0.39
591,4091,0.45
592,4092,0.43
593,4093,0.66
594,4094,0.64
595,4095,0.45
596,4096,0.56
597,4097,0.595
598,4098,0.46
599,4099,0.63
600,4100,0.55
601,4101,0.385
602,4102,0.32
603,4103,0.43
604,4104,0.11
605,4105,0.59
606,4106,0.33
607,4107,0.58
608,4108,0.29
609,4109,0.47
610,4110,0.06
611,4111,0.665
612,4112,0.58
613,4113,0.18
614,4114,0.42
615,4115,0.65
616,4116,0.61
617,4117,0.25
618,4118,0.28
619,4119,0.59
620,4120,0.46
621,4121,0.71
622,4122,0.61
623,4123,0.58
624,4124,0.635
625,4125,0.12
626,4126,0.12
627,4127,0.16
628,4128,0.03
629,4129,0.57
630,4130,0.43
631,4131,0.5
632,4132,0.45
633,4133,0.3
634,4134,0.59
635,4135,0.29
636,4136,0.66
637,4137,0.17
638,4138,0.25
639,4139,0.44
640,4140,0.5
641,4141,0.19
642,4142,0.15
643,4143,0.19
644,4144,0.78
645,4145,0.78
646,4146,0.48
647,4147,0.51
648,4148,0.32
649,4149,0.65
650,4150,0.46
651,4151,0.6
652,4152,0.6
653,4153,0.6
654,4154,0.19
655,4155,0.27
656,4156,0.51
657,4157,0.38
658,4158,0.61
659,4159,0.14
660,4160,0.78
661,4161,0.34
662,4162,0.49
663,4163,0.28
664,4164,0.61
665,4165,0.5
666,4166,0.6
667,4167,0.83
668,4168,0.52
669,4169,0.24
670,4170,0.42
671,4171,0.5
672,4172,0.46
673,4173,0.59
674,4174,0.66
675,4175,0.23
676,4176,0.55
677,4177,0.21
678,4178,0.22
679,4179,0.3
680,4180,0.19
681,4181,0.05
682,4182,0.41
683,4183,0.17
684,4184,0.12
685,4185,0.24
686,4186,0.24
687,4187,0.32
688,4188,0.5
689,4189,0.57
690,4190,0.08
691,4191,0.38
692,4192,0.27416666666666667
693,4193,0.40399999999999997
694,4194,0.51
695,4195,0.7
696,4196,0.6355
697,4197,0.41
698,4198,0.39
699,4199,0.33
700,4200,0.63
701,4201,0.4
702,4202,0.09
703,4203,0.64
704,4204,0.61
705,4205,0.19
706,4206,0.7766666666666666
707,4207,0.51
708,4208,0.22
709,4209,0.5466666666666667
710,4210,0.12
711,4211,0.5
712,4212,0.37
713,4213,0.21
714,4214,0.23
715,4215,0.28
716,4216,0.53
717,4217,0.24
718,4218,0.37
719,4219,0.59
720,4220,0.88
721,4221,0.32
722,4222,0.63
723,4223,0.16
724,4224,0.16
725,4225,0.33
726,4226,0.4
727,4227,0.84
728,4228,0.62
729,4229,0.42
730,4230,0.54
731,4231,0.44
732,4232,0.37
733,4233,0.14
734,4234,0.57
735,4235,0.54
736,4236,0.4
737,4237,0.65
738,4238,0.41
739,4239,0.44150000000000006
740,4240,0.18
741,4241,0.1
742,4242,0.25
743,4243,0.19
744,4244,0.32
745,4245,0.46
746,4246,0.69
747,4247,0.46
748,4248,0.22
749,4249,0.57
750,4250,0.41
751,4251,0.62
752,4252,0.18
753,4253,0.32
754,4254,0.4
755,4255,0.26
756,4256,0.16
757,4257,0.49
758,4258,0.715
759,4259,0.44
760,4260,0.56
761,4261,0.15
762,4262,0.14
763,4263,0.27
764,4264,0.2
765,4265,0.07
766,4266,0.75
767,4267,0.2
768,4268,0.14
769,4269,0.42
770,4270,0.41
771,4271,0.4
772,4272,0.04
773,4273,0.54
774,4274,0.69
775,4275,0.43
776,4276,0.68
777,4277,0.69
778,4278,0.22
779,4279,0.56
780,4280,0.43
781,4281,0.36
782,4282,0.28
783,4283,0.51
784,4284,0.6415000000000001
785,4285,0.43
786,4286,0.34
787,4287,0.55
788,4288,0.5
789,4289,0.44
790,4290,0.25
791,4291,0.26
792,4292,0.83
793,4293,0.6
794,4294,0.36
795,4295,0.12
796,4296,0.535
797,4297,0.47
798,4298,0.28
799,4299,0.66
800,4300,0.19
801,4301,0.31
802,4302,0.09
803,4303,0.22
804,4304,0.36
805,4305,0.445
806,4306,0.31
807,4307,0.38
808,4308,0.31
809,4309,0.11
810,4310,0.27
811,4311,0.69
812,4312,0.44
813,4313,0.51
814,4314,0.46
815,4315,0.82
816,4316,0.63
817,4317,0.47
818,4318,0.38
819,4319,0.5
820,4320,0.42
821,4321,0.51
822,4322,0.32
823,4323,0.29
824,4324,0.62
825,4325,0.63
826,4326,0.48
827,4327,0.56
828,4328,0.27
829,4329,0.31
830,4330,0.48
831,4331,0.65
832,4332,0.7
833,4333,0.23
834,4334,0.23
835,4335,0.24
836,4336,0.63
837,4337,0.51
838,4338,0.385
839,4339,0.27
840,4340,0.47
841,4341,0.594
842,4342,0.515
843,4343,0.1
844,4344,0.28
845,4345,0.27
846,4346,0.12
847,4347,0.23
848,4348,0.44
849,4349,0.74
850,4350,0.3
851,4351,0.12
852,4352,0.41
853,4353,0.55
854,4354,0.68
855,4355,0.44
856,4356,0.5
857,4357,0.42
858,4358,0.59
859,4359,0.52
860,4360,0.63
861,4361,0.735
862,4362,0.32
863,4363,0.34
864,4364,0.36
865,4365,0.46
866,4366,0.23
867,4367,0.39
868,4368,0.09
869,4369,0.64
870,4370,0.61
871,4371,0.57
872,4372,0.54
873,4373,0.41
874,4374,0.25
875,4375,0.65
876,4376,0.4
877,4377,0.17
878,4378,0.24
879,4379,0.4375
880,4380,0.55
881,4381,0.09
882,4382,0.42
883,4383,0.73
884,4384,0.66
885,4385,0.59
886,4386,0.19
887,4387,0.6
888,4388,0.354
889,4389,0.5
890,4390,0.36
891,4391,0.36
892,4392,0.58
893,4393,0.27
894,4394,0.28
895,4395,0.4
896,4396,0.35
897,4397,0.13
898,4398,0.69
899,4399,0.1
900,4400,0.46
901,4401,0.59
902,4402,0.6
903,4403,0.48
904,4404,0.24
905,4405,0.34
906,4406,0.53
907,4407,0.65
908,4408,0.46
909,4409,0.32
910,4410,0.61
911,4411,0.17
912,4412,0.21
913,4413,0.33
914,4414,0.58
915,4415,0.21
916,4416,0.45
917,4417,0.34
918,4418,0.31
919,4419,0.33
920,4420,0.27
921,4421,0.3
922,4422,0.47
923,4423,0.6
924,4424,0.49
925,4425,0.32
926,4426,0.78
927,4427,0.19
928,4428,0.6
929,4429,0.385
930,4430,0.39
931,4431,0.66
932,4432,0.6
933,4433,0.2
934,4434,0.1
935,4435,0.665
936,4436,0.15
937,4437,0.3
938,4438,0.55
939,4439,0.49
940,4440,0.26
941,4441,0.12
942,4442,0.29
943,4443,0.12
944,4444,0.5
945,4445,0.5
946,4446,0.4
947,4447,0.42
948,4448,0.25
949,4449,0.07
950,4450,0.1
951,4451,0.44
952,4452,0.52
953,4453,0.21
954,4454,0.37
955,4455,0.27
956,4456,0.31
957,4457,0.27
958,4458,0.27
959,4459,0.24
960,4460,0.55
961,4461,0.3
962,4462,0.66
963,4463,0.41566666666666663
964,4464,0.09
965,4465,0.5
966,4466,0.6
967,4467,0.42
968,4468,0.44
969,4469,0.48
970,4470,0.13
971,4471,0.37
972,4472,0.56
973,4473,0.55
974,4474,0.16
975,4475,0.59
976,4476,0.37
977,4477,0.27
978,4478,0.83
979,4479,0.53
980,4480,0.37
981,4481,0.11
982,4482,0.46
983,4483,0.17
984,4484,0.384
985,4485,0.15
986,4486,0.09
987,4487,0.21
988,4488,0.3
989,4489,0.24
990,4490,0.34
991,4491,0.32
992,4492,0.69
993,4493,0.41
994,4494,0.21
995,4495,0.41
996,4496,0.52
997,4497,0.44
998,4498,0.55
999,4499,0.65
1000,4500,0.74
1001,4501,0.27
1002,4502,0.36
1003,4503,0.41
1004,4504,0.45
1005,4505,0.414
1006,4506,0.38
1007,4507,0.17
1008,4508,0.28
1009,4509,0.37
1010,4510,0.11
1011,4511,0.6
1012,4512,0.7766666666666666
1013,4513,0.38
1014,4514,0.46
1015,4515,0.614
1016,4516,0.33
1017,4517,0.57
1018,4518,0.6
1019,4519,0.6325
1020,4520,0.72
1021,4521,0.45
1022,4522,0.12
1023,4523,0.16
1024,4524,0.71
1025,4525,0.6
1026,4526,0.42
1027,4527,0.04
1028,4528,0.46
1029,4529,0.67
1030,4530,0.71
1031,4531,0.67
1032,4532,0.59
1033,4533,0.61
1034,4534,0.63
1035,4535,0.19
1036,4536,0.69
1037,4537,0.66
1038,4538,0.56
1039,4539,0.64
1040,4540,0.59
1041,4541,0.47
1042,4542,0.5
1043,4543,0.17
1044,4544,0.21
1045,4545,0.75
1046,4546,0.19
1047,4547,0.18
1048,4548,0.19
1049,4549,0.41
1050,4550,0.25
1051,4551,0.65
1052,4552,0.36
1053,4553,0.65
1054,4554,0.58
1055,4555,0.17
1056,4556,0.45
1057,4557,0.45
1058,4558,0.49
1059,4559,0.38
1060,4560,0.42
1061,4561,0.27
1062,4562,0.5
1063,4563,0.83
1064,4564,0.15
1065,4565,0.71
1066,4566,0.32
1067,4567,0.55
1068,4568,0.37
1069,4569,0.43
1070,4570,0.37
1071,4571,0.61
1072,4572,0.35
1073,4573,0.25
1074,4574,0.6
1075,4575,0.5
1076,4576,0.61
1077,4577,0.61
1078,4578,0.68
1079,4579,0.28
1080,4580,0.16
1081,4581,0.5533333333333333
1082,4582,0.2
1083,4583,0.78
1084,4584,0.14
1085,4585,0.43
1086,4586,0.58
1087,4587,0.31
1088,4588,0.43
1089,4589,0.22
1090,4590,0.55
1091,4591,0.53
1092,4592,0.72
1093,4593,0.63
1094,4594,0.19
1095,4595,0.6
1096,4596,0.69
1097,4597,0.4916666666666667
1098,4598,0.46
1099,4599,0.45
1100,4600,0.5
1101,4601,0.21
1102,4602,0.25
1103,4603,0.07
1104,4604,0.52
1105,4605,0.48
1106,4606,0.26
1107,4607,0.23
1108,4608,0.27
1109,4609,0.51
1110,4610,0.64
1111,4611,0.55
1112,4612,0.65
1113,4613,0.63
1114,4614,0.41
1115,4615,0.54
1116,4616,0.11
1117,4617,0.42
1118,4618,0.19
1119,4619,0.74
1120,4620,0.44066666666666665
1121,4621,0.2
1122,4622,0.76
1123,4623,0.43
1124,4624,0.2
1125,4625,0.6
1126,4626,0.68
1127,4627,0.74
1128,4628,0.29
1129,4629,0.61
1130,4630,0.34
1131,4631,0.655
1132,4632,0.19
1133,4633,0.18
1134,4634,0.12
1135,4635,0.47
1136,4636,0.52
1137,4637,0.2
1138,4638,0.26
1139,4639,0.22
1140,4640,0.21
1141,4641,0.31
1142,4642,0.15
1143,4643,0.13
1144,4644,0.33
1145,4645,0.42
1146,4646,0.17
1147,4647,0.63
1148,4648,0.67
1149,4649,0.63
1150,4650,0.29
1151,4651,0.11
1152,4652,0.28
1153,4653,0.24
1154,4654,0.41
1155,4655,0.69
1156,4656,0.19
1157,4657,0.38
1158,4658,0.33
1159,4659,0.63
1160,4660,0.31
1161,4661,0.5
1162,4662,0.18
1163,4663,0.5225
1164,4664,0.2
1165,4665,0.31
1166,4666,0.22
1167,4667,0.18
1168,4668,0.2
1169,4669,0.54
1170,4670,0.16
1171,4671,0.3
1172,4672,0.33
1173,4673,0.26
1174,4674,0.73
1175,4675,0.39
1176,4676,0.29
1177,4677,0.18566666666666662
1178,4678,0.33
1179,4679,0.29333333333333333
1180,4680,0.28
1181,4681,0.4
1182,4682,0.05
1183,4683,0.11
1184,4684,0.63
1185,4685,0.1
1186,4686,0.22
1187,4687,0.35
1188,4688,0.44
1189,4689,0.29
1190,4690,0.02
1191,4691,0.47
1192,4692,0.29
1193,4693,0.21
1194,4694,0.25
1195,4695,0.25
1196,4696,0.48
1197,4697,0.41
1198,4698,0.59
1199,4699,0.25
1200,4700,0.15
1201,4701,0.26
1202,4702,0.13
1203,4703,0.2
1204,4704,0.57
1205,4705,0.48100000000000004
1206,4706,0.56
1207,4707,0.72
1208,4708,0.09
1209,4709,0.59
1210,4710,0.29
1211,4711,0.21
1212,4712,0.425
1213,4713,0.54
1214,4714,0.405
1215,4715,0.39
1216,4716,0.4
1217,4717,0.19
1218,4718,0.34666666666666673
1219,4719,0.54
1220,4720,0.58
1221,4721,0.52
1222,4722,0.52
1223,4723,0.48
1224,4724,0.49
1225,4725,0.51
1226,4726,0.244
1227,4727,0.56
1228,4728,0.17
1229,4729,0.4
1230,4730,0.52
1231,4731,0.56
1232,4732,0.63
1233,4733,0.23
1234,4734,0.48
1235,4735,0.12
1236,4736,0.18
1237,4737,0.53
1238,4738,0.5
1239,4739,0.37
1240,4740,0.15
1241,4741,0.52
1242,4742,0.21
1243,4743,0.56
1244,4744,0.52
1245,4745,0.53
1246,4746,0.7
1247,4747,0.17
1248,4748,0.405
1249,4749,0.25
1250,4750,0.36
1251,4751,0.18
1252,4752,0.675
1253,4753,0.44
1254,4754,0.41
1255,4755,0.47
1256,4756,0.37
1257,4757,0.17
1258,4758,0.7766666666666666
1259,4759,0.35
1260,4760,0.46
1261,4761,0.625
1262,4762,0.73
1263,4763,0.33
1264,4764,0.43
1265,4765,0.19
1266,4766,0.39
1267,4767,0.555
1268,4768,0.24
1269,4769,0.47
1270,4770,0.58
1271,4771,0.7
1272,4772,0.17
1273,4773,0.23
1274,4774,0.41
1275,4775,0.41
1276,4776,0.24
1277,4777,0.405
1278,4778,0.43
1279,4779,0.23
1280,4780,0.58
1281,4781,0.6
1282,4782,0.57
1283,4783,0.39
1284,4784,0.53
1285,4785,0.37
1286,4786,0.56
1287,4787,0.25
1288,4788,0.49
1289,4789,0.42
1290,4790,0.58
1291,4791,0.38
1292,4792,0.82
1293,4793,0.51
1294,4794,0.485
1295,4795,0.35
1296,4796,0.31
1297,4797,0.7225
1298,4798,0.24
1299,4799,0.15
1300,4800,0.62
1301,4801,0.37
1302,4802,0.25
1303,4803,0.09
1304,4804,0.5
1305,4805,0.29
1306,4806,0.36
1307,4807,0.7966666666666665
1308,4808,0.29
1309,4809,0.59
1310,4810,0.6
1311,4811,0.34
1312,4812,0.55
1313,4813,0.27
1314,4814,0.29
1315,4815,0.61
1316,4816,0.4
1317,4817,0.355
1318,4818,0.66
1319,4819,0.71
1320,4820,0.17
1321,4821,0.34
1322,4822,0.33
1323,4823,0.13
1324,4824,0.68
1325,4825,0.15
1326,4826,0.56
1327,4827,0.24
1328,4828,0.14
1329,4829,0.61
1330,4830,0.24
1331,4831,0.27
1332,4832,0.51
1333,4833,0.5825
1334,4834,0.66
1335,4835,0.52
1336,4836,0.45
1337,4837,0.53
1338,4838,0.6415000000000001
1339,4839,0.36
1340,4840,0.355
1341,4841,0.8
1342,4842,0.41
1343,4843,0.59
1344,4844,0.77
1345,4845,0.49
1346,4846,0.43
1347,4847,0.67
1348,4848,0.59
1349,4849,0.37
1350,4850,0.61
1351,4851,0.36
1352,4852,0.63
1353,4853,0.49
1354,4854,0.45399999999999996
1355,4855,0.22
1356,4856,0.39
1357,4857,0.23
1358,4858,0.57
1359,4859,0.23
1360,4860,0.344
1361,4861,0.39
1362,4862,0.315
1363,4863,0.41
1364,4864,0.7281666666666666
1365,4865,0.12
1366,4866,0.24
1367,4867,0.45
1368,4868,0.11
1369,4869,0.32
1370,4870,0.28
1371,4871,0.37
1372,4872,0.17
1373,4873,0.41
1374,4874,0.72
1375,4875,0.41
1376,4876,0.57
1377,4877,0.63
1378,4878,0.42
1379,4879,0.76
1380,4880,0.2
1381,4881,0.63
1382,4882,0.425
1383,4883,0.61
1384,4884,0.61
1385,4885,0.34
1386,4886,0.28
1387,4887,0.22
1388,4888,0.47
1389,4889,0.13
1390,4890,0.62
1391,4891,0.49
1392,4892,0.51
1393,4893,0.42
1394,4894,0.53
1395,4895,0.45
1396,4896,0.46
1397,4897,0.53
1398,4898,0.24
1399,4899,0.21
1400,4900,0.48
1401,4901,0.54
1402,4902,0.75
1403,4903,0.29
1404,4904,0.49
1405,4905,0.62
1406,4906,0.565
1407,4907,0.43
1408,4908,0.21
1409,4909,0.43
1410,4910,0.28
1411,4911,0.44
1412,4912,0.615
1413,4913,0.58
1414,4914,0.73
1415,4915,0.25
1416,4916,0.36
1417,4917,0.38
1418,4918,0.21
1419,4919,0.46
1420,4920,0.63
1421,4921,0.67
1422,4922,0.41
1423,4923,0.19
1424,4924,0.31
1425,4925,0.2
1426,4926,0.465
1427,4927,0.43
1428,4928,0.05
1429,4929,0.03
1430,4930,0.49
1431,4931,0.33
1432,4932,0.26
1433,4933,0.58
1434,4934,0.71
1435,4935,0.38
1436,4936,0.13
1437,4937,0.24
1438,4938,0.37
1439,4939,0.21
1440,4940,0.66
1441,4941,0.44
1442,4942,0.2
1443,4943,0.45
1444,4944,0.29
1445,4945,0.43
1446,4946,0.6
1447,4947,0.03
1448,4948,0.4075
1449,4949,0.38
1450,4950,0.45
1451,4951,0.44
1452,4952,0.23
1453,4953,0.23
1454,4954,0.49
1455,4955,0.71
1456,4956,0.72
1457,4957,0.44
1458,4958,0.614
1459,4959,0.52
1460,4960,0.15
1461,4961,0.565
1462,4962,0.58
1463,4963,0.27
1464,4964,0.56
1465,4965,0.66
1466,4966,0.69
1467,4967,0.62
1468,4968,0.27
1469,4969,0.41
1470,4970,0.3
1471,4971,0.5
1472,4972,0.27
1473,4973,0.65
1474,4974,0.36
1475,4975,0.52
1476,4976,0.53
1477,4977,0.04
1478,4978,0.31
1479,4979,0.68
1480,4980,0.3
1481,4981,0.34
1482,4982,0.36
1483,4983,0.7766666666666666
1484,4984,0.65
1485,4985,0.47
1486,4986,0.24
1487,4987,0.57
1488,4988,0.06
1489,4989,0.54
1490,4990,0.4175
1491,4991,0.39
1492,4992,0.41
1493,4993,0.47
1494,4994,0.58
1495,4995,0.3
1496,4996,0.31
1497,4997,0.8425
1498,4998,0.58
1499,4999,0.54
1500,5000,0.43
1501,5001,0.51
1502,5002,0.26
1503,5003,0.42
1504,5004,0.47
1505,5005,0.28
1506,5006,0.47
1507,5007,0.5175
1508,5008,0.25
1509,5009,0.75
1510,5010,0.31
1511,5011,0.525
1512,5012,0.55
1513,5013,0.61
1514,5014,0.33
1515,5015,0.18
1516,5016,0.46
1517,5017,0.33
1518,5018,0.29
1519,5019,0.23
1520,5020,0.7
1521,5021,0.08
1522,5022,0.52
1523,5023,0.43
1524,5024,0.46
1525,5025,0.42
1526,5026,0.72
1527,5027,0.14
1528,5028,0.05
1529,5029,0.45
1530,5030,0.6
1531,5031,0.22
1532,5032,0.51
1533,5033,0.37
1534,5034,0.69
1535,5035,0.39
1536,5036,0.62
1537,5037,0.42
1538,5038,0.16
1539,5039,0.37
1540,5040,0.23
1541,5041,0.36
1542,5042,0.31
1543,5043,0.17
1544,5044,0.57
1545,5045,0.49
1546,5046,0.27
1547,5047,0.23
1548,5048,0.57
1549,5049,0.84
1550,5050,0.64
1551,5051,0.29
1552,5052,0.64
1553,5053,0.62
1554,5054,0.345
1555,5055,0.83
1556,5056,0.54
1557,5057,0.21
1558,5058,0.47
1559,5059,0.57
1560,5060,0.258
1561,5061,0.34
1562,5062,0.22
1563,5063,0.73
1564,5064,0.48
1565,5065,0.42
1566,5066,0.25
1567,5067,0.1
1568,5068,0.28
1569,5069,0.18
1570,5070,0.33
1571,5071,0.47
1572,5072,0.66
1573,5073,0.595
1574,5074,0.16
1575,5075,0.25
1576,5076,0.56
1577,5077,0.65
1578,5078,0.43
1579,5079,0.51
1580,5080,0.16
1581,5081,0.6
1582,5082,0.36
1583,5083,0.19
1584,5084,0.27
1585,5085,0.6
1586,5086,0.22
1587,5087,0.45
1588,5088,0.66
1589,5089,0.5
1590,5090,0.42
1591,5091,0.4
1592,5092,0.57
1593,5093,0.21
1594,5094,0.51
1595,5095,0.67
1596,5096,0.17
1597,5097,0.52
1598,5098,0.6
1599,5099,0.2
1600,5100,0.31
1601,5101,0.46
1602,5102,0.12
1603,5103,0.31
1604,5104,0.67
1605,5105,0.15
1606,5106,0.66
1607,5107,0.42
1608,5108,0.51
1609,5109,0.76
1610,5110,0.69
1611,5111,0.61
1612,5112,0.36
1613,5113,0.31
1614,5114,0.13
1615,5115,0.405
1616,5116,0.2
1617,5117,0.44
1618,5118,0.15
1619,5119,0.43
1620,5120,0.57
1621,5121,0.37
1622,5122,0.22
1623,5123,0.69
1624,5124,0.425
1625,5125,0.18
1626,5126,0.2
1627,5127,0.62
1628,5128,0.6366666666666667
1629,5129,0.11
1630,5130,0.48
1631,5131,0.16
1632,5132,0.19
1633,5133,0.48
1634,5134,0.47
1635,5135,0.14
1636,5136,0.19
1637,5137,0.53
1638,5138,0.58
1639,5139,0.26
1640,5140,0.64
1641,5141,0.53
1642,5142,0.43
1643,5143,0.27
1644,5144,0.485
1645,5145,0.34
1646,5146,0.17
1647,5147,0.48
1648,5148,0.73
1649,5149,0.425
1650,5150,0.25
1651,5151,0.55
1652,5152,0.68
1653,5153,0.33
1654,5154,0.53
1655,5155,0.21
1656,5156,0.27
1657,5157,0.314
1658,5158,0.07
1659,5159,0.52
1660,5160,0.4475
1661,5161,0.21
1662,5162,0.52
1663,5163,0.4
1664,5164,0.52
1665,5165,0.8
1666,5166,0.28
1667,5167,0.37
1668,5168,0.16
1669,5169,0.54
1670,5170,0.53
1671,5171,0.6
1672,5172,0.25
1673,5173,0.52
1674,5174,0.48
1675,5175,0.76
1676,5176,0.25
1677,5177,0.3
1678,5178,0.49
1679,5179,0.595
1680,5180,0.21
1681,5181,0.63
1682,5182,0.54
1683,5183,0.23
1684,5184,0.39
1685,5185,0.14
1686,5186,0.59
1687,5187,0.2
1688,5188,0.39
1689,5189,0.3275
1690,5190,0.32
1691,5191,0.31
1692,5192,0.19
1693,5193,0.42
1694,5194,0.47
1695,5195,0.3
1696,5196,0.45
1697,5197,0.37
1698,5198,0.65
1699,5199,0.39
1700,5200,0.685
1701,5201,0.1
1702,5202,0.12
1703,5203,0.63
1704,5204,0.49
1705,5205,0.49
1706,5206,0.15
1707,5207,0.5
1708,5208,0.72
1709,5209,0.46
1710,5210,0.16
1711,5211,0.25
1712,5212,0.17
1713,5213,0.29
1714,5214,0.48
1715,5215,0.55
1716,5216,0.15
1717,5217,0.44
1718,5218,0.19
1719,5219,0.87
1720,5220,0.59
1721,5221,0.71
1722,5222,0.51
1723,5223,0.53
1724,5224,0.62
1725,5225,0.69
1726,5226,0.59
1727,5227,0.22
1728,5228,0.5
1729,5229,0.44
1730,5230,0.54
1731,5231,0.53
1732,5232,0.7
1733,5233,0.37
1734,5234,0.38
1735,5235,0.5
1736,5236,0.54
1737,5237,0.5
1738,5238,0.71
1739,5239,0.25
1740,5240,0.12
1741,5241,0.64
1742,5242,0.23
1743,5243,0.56
1744,5244,0.11
1745,5245,0.1
1746,5246,0.53
1747,5247,0.18
1748,5248,0.61
1749,5249,0.23
1750,5250,0.32
1751,5251,0.58
1752,5252,0.09
1753,5253,0.19
1754,5254,0.61
1755,5255,0.3
1756,5256,0.48
1757,5257,0.47
1758,5258,0.4
1759,5259,0.23
1760,5260,0.43
1761,5261,0.68
1762,5262,0.15
1763,5263,0.16
1764,5264,0.76
1765,5265,0.4
1766,5266,0.51
1767,5267,0.11
1768,5268,0.51
1769,5269,0.32
1770,5270,0.25
1771,5271,0.49
1772,5272,0.71
1773,5273,0.74
1774,5274,0.08
1775,5275,0.44
1776,5276,0.62
1777,5277,0.09
1778,5278,0.2
1779,5279,0.5
1780,5280,0.46399999999999997
1781,5281,0.45
1782,5282,0.26
1783,5283,0.11
1784,5284,0.2
1785,5285,0.14
1786,5286,0.41
1787,5287,0.55
1788,5288,0.49
1789,5289,0.51
1790,5290,0.31
1791,5291,0.3
1792,5292,0.39
1793,5293,0.69
1794,5294,0.625
1795,5295,0.18
1796,5296,0.22
1797,5297,0.59
1798,5298,0.22
1799,5299,0.58
1800,5300,0.2
1801,5301,0.28
1802,5302,0.04
1803,5303,0.66
1804,5304,0.6
1805,5305,0.56
1806,5306,0.39
1807,5307,0.34
1808,5308,0.22
1809,5309,0.33
1810,5310,0.14
1811,5311,0.36
1812,5312,0.13
1813,5313,0.17
1814,5314,0.805
1815,5315,0.08
1816,5316,0.49
1817,5317,0.7
1818,5318,0.48
1819,5319,0.29
1820,5320,0.22
1821,5321,0.5975
1822,5322,0.19
1823,5323,0.38
1824,5324,0.53
1825,5325,0.47
1826,5326,0.31
1827,5327,0.62
1828,5328,0.19
1829,5329,0.62
1830,5330,0.45
1831,5331,0.22
1832,5332,0.33
1833,5333,0.34
1834,5334,0.67
1835,5335,0.22
1836,5336,0.64
1837,5337,0.31
1838,5338,0.24
1839,5339,0.2
1840,5340,0.08
1841,5341,0.2
1842,5342,0.41
1843,5343,0.43
1844,5344,0.41666666666666674
1845,5345,0.45
1846,5346,0.5
1847,5347,0.59
1848,5348,0.05
1849,5349,0.5225
1850,5350,0.17
1851,5351,0.35
1852,5352,0.33
1853,5353,0.28
1854,5354,0.695
1855,5355,0.7
1856,5356,0.63
1857,5357,0.62
1858,5358,0.42
1859,5359,0.34
1860,5360,0.5
1861,5361,0.29
1862,5362,0.37
1863,5363,0.58
1864,5364,0.49
1865,5365,0.5
1866,5366,0.625
1867,5367,0.7766666666666666
1868,5368,0.22
1869,5369,0.18
1870,5370,0.52
1871,5371,0.31
1872,5372,0.43
1873,5373,0.42
1874,5374,0.18
1875,5375,0.03
1876,5376,0.67
1877,5377,0.39
1878,5378,0.4
1879,5379,0.32
1880,5380,0.79
1881,5381,0.33
1882,5382,0.4
1883,5383,0.13
1884,5384,0.54
1885,5385,0.12
1886,5386,0.33
1887,5387,0.73
1888,5388,0.13
1889,5389,0.64
1890,5390,0.36
1891,5391,0.19
1892,5392,0.6
1893,5393,0.25
1894,5394,0.31
1895,5395,0.55
1896,5396,0.42
1897,5397,0.1
1898,5398,0.59
1899,5399,0.22
1900,5400,0.41
1901,5401,0.59
1902,5402,0.5
1903,5403,0.12
1904,5404,0.58
1905,5405,0.23
1906,5406,0.37
1907,5407,0.17
1908,5408,0.17
1909,5409,0.33
1910,5410,0.3225
1911,5411,0.6
1912,5412,0.68
1913,5413,0.55
1914,5414,0.25
1915,5415,0.36
1916,5416,0.42
1917,5417,0.39
1918,5418,0.57
1919,5419,0.31
1920,5420,0.46
1921,5421,0.04
1922,5422,0.22
1923,5423,0.5
1924,5424,0.84
1925,5425,0.37
1926,5426,0.21
1927,5427,0.6
1928,5428,0.28
1929,5429,0.38
1930,5430,0.19
1931,5431,0.24
1932,5432,0.3
1933,5433,0.41
1934,5434,0.35
1935,5435,0.1
1936,5436,0.34
1937,5437,0.7366666666666666
1938,5438,0.52
1939,5439,0.39
1940,5440,0.485
1941,5441,0.26
1942,5442,0.58
1943,5443,0.18
1944,5444,0.29
1945,5445,0.16
1946,5446,0.29
1947,5447,0.52
1948,5448,0.51
1949,5449,0.455
1950,5450,0.285
1951,5451,0.09
1952,5452,0.52
1953,5453,0.6
1954,5454,0.19
1955,5455,0.3
1956,5456,0.49
1957,5457,0.12
1958,5458,0.41
1959,5459,0.354
1960,5460,0.225
1961,5461,0.49
1962,5462,0.74
1963,5463,0.45399999999999996
1964,5464,0.22
1965,5465,0.49
1966,5466,0.07
1967,5467,0.32
1968,5468,0.28
1969,5469,0.49
1970,5470,0.47
1971,5471,0.55
1972,5472,0.15
1973,5473,0.28
1974,5474,0.2
1975,5475,0.24
1976,5476,0.23
1977,5477,0.4
1978,5478,0.45
1979,5479,0.32
1980,5480,0.18
1981,5481,0.54
1982,5482,0.45
1983,5483,0.37
1984,5484,0.27
1985,5485,0.4475
1986,5486,0.34
1987,5487,0.22
1988,5488,0.49
1989,5489,0.34
1990,5490,0.625
1991,5491,0.29
1992,5492,0.52
1993,5493,0.24
1994,5494,0.36
1995,5495,0.49
1996,5496,0.63
1997,5497,0.51
1998,5498,0.32
1999,5499,0.45
2000,5500,0.27
2001,5501,0.56
2002,5502,0.5
2003,5503,0.18
2004,5504,0.09
2005,5505,0.54
2006,5506,0.53
2007,5507,0.57
2008,5508,0.68
2009,5509,0.26
2010,5510,0.18
2011,5511,0.4
2012,5512,0.57
2013,5513,0.48
2014,5514,0.26
2015,5515,0.61
2016,5516,0.2
2017,5517,0.63
2018,5518,0.5
2019,5519,0.585
2020,5520,0.72
2021,5521,0.18
2022,5522,0.75
2023,5523,0.245
2024,5524,0.4
2025,5525,0.57
2026,5526,0.34
2027,5527,0.21
2028,5528,0.48450000000000004
2029,5529,0.33
2030,5530,0.31
2031,5531,0.39
2032,5532,0.45
2033,5533,0.43
2034,5534,0.16
2035,5535,0.1
2036,5536,0.38
2037,5537,0.11
2038,5538,0.67
2039,5539,0.5888333333333333
2040,5540,0.44
2041,5541,0.69
2042,5542,0.58
2043,5543,0.48
2044,5544,0.49
2045,5545,0.74
2046,5546,0.17
2047,5547,0.17
2048,5548,0.13
2049,5549,0.07
2050,5550,0.19
2051,5551,0.22
2052,5552,0.24
2053,5553,0.72
2054,5554,0.55
2055,5555,0.09
2056,5556,0.34
2057,5557,0.58
2058,5558,0.18
2059,5559,0.4
2060,5560,0.19
2061,5561,0.4
2062,5562,0.63
2063,5563,0.38
2064,5564,0.64
2065,5565,0.64
2066,5566,0.39
2067,5567,0.17
2068,5568,0.5
2069,5569,0.38
2070,5570,0.81
2071,5571,0.52
2072,5572,0.18
2073,5573,0.61
2074,5574,0.51
2075,5575,0.46
2076,5576,0.4
2077,5577,0.04
2078,5578,0.47
2079,5579,0.64
2080,5580,0.5075
2081,5581,0.07
2082,5582,0.41
2083,5583,0.33
2084,5584,0.52
2085,5585,0.5725
2086,5586,0.3
2087,5587,0.72
2088,5588,0.45
2089,5589,0.52
2090,5590,0.41
2091,5591,0.3
2092,5592,0.54
2093,5593,0.57
2094,5594,0.48
2095,5595,0.63
2096,5596,0.47
2097,5597,0.58
2098,5598,0.37
2099,5599,0.54
2100,5600,0.54
2101,5601,0.37
2102,5602,0.16
2103,5603,0.56
2104,5604,0.55
2105,5605,0.53
2106,5606,0.63
2107,5607,0.51
2108,5608,0.52
2109,5609,0.69
2110,5610,0.5278333333333333
2111,5611,0.39
2112,5612,0.15
2113,5613,0.21
2114,5614,0.63
2115,5615,0.19
2116,5616,0.49
2117,5617,0.25
2118,5618,0.32
2119,5619,0.44
2120,5620,0.51
2121,5621,0.32
2122,5622,0.32
2123,5623,0.27
2124,5624,0.27
2125,5625,0.54
2126,5626,0.25
2127,5627,0.31
2128,5628,0.84
2129,5629,0.2
2130,5630,0.42
2131,5631,0.29
2132,5632,0.57
2133,5633,0.18
2134,5634,0.24
2135,5635,0.15
2136,5636,0.6
2137,5637,0.1
2138,5638,0.67
2139,5639,0.23
2140,5640,0.52
2141,5641,0.244
2142,5642,0.26
2143,5643,0.21
2144,5644,0.77
2145,5645,0.44
2146,5646,0.69
2147,5647,0.57
2148,5648,0.48
2149,5649,0.58
2150,5650,0.15
2151,5651,0.33
2152,5652,0.56
2153,5653,0.35
2154,5654,0.4
2155,5655,0.67
2156,5656,0.4775
2157,5657,0.44
2158,5658,0.45
2159,5659,0.62
2160,5660,0.46
2161,5661,0.29
2162,5662,0.51
2163,5663,0.52
2164,5664,0.45
2165,5665,0.58
2166,5666,0.5
2167,5667,0.53
2168,5668,0.35
2169,5669,0.2
2170,5670,0.15
2171,5671,0.6
2172,5672,0.284
2173,5673,0.15
2174,5674,0.47
2175,5675,0.18
2176,5676,0.3
2177,5677,0.25
2178,5678,0.5525
2179,5679,0.48
2180,5680,0.32
2181,5681,0.2
2182,5682,0.6
2183,5683,0.23
2184,5684,0.54
2185,5685,0.46
2186,5686,0.43
2187,5687,0.615
2188,5688,0.64
2189,5689,0.59
2190,5690,0.435
2191,5691,0.37
2192,5692,0.72
2193,5693,0.46
2194,5694,0.29
2195,5695,0.66
2196,5696,0.74
2197,5697,0.23
2198,5698,0.68
2199,5699,0.29
2200,5700,0.42
2201,5701,0.32
2202,5702,0.54
2203,5703,0.56
2204,5704,0.19
2205,5705,0.34
2206,5706,0.4866666666666667
2207,5707,0.28
2208,5708,0.63
2209,5709,0.53
2210,5710,0.52
2211,5711,0.64
2212,5712,0.09
2213,5713,0.25
2214,5714,0.59
2215,5715,0.58
2216,5716,0.33
2217,5717,0.32
2218,5718,0.16
2219,5719,0.65
2220,5720,0.07
2221,5721,0.42
2222,5722,0.04
2223,5723,0.06
2224,5724,0.36
2225,5725,0.4
2226,5726,0.2
2227,5727,0.39
2228,5728,0.21
2229,5729,0.33
2230,5730,0.51
2231,5731,0.1
2232,5732,0.76
2233,5733,0.52
2234,5734,0.78
2235,5735,0.2
2236,5736,0.26
2237,5737,0.58
2238,5738,0.26
2239,5739,0.25
2240,5740,0.11
2241,5741,0.31
2242,5742,0.41
2243,5743,0.31
2244,5744,0.18
2245,5745,0.39
2246,5746,0.25
2247,5747,0.15
2248,5748,0.54
2249,5749,0.21
2250,5750,0.35
2251,5751,0.69
2252,5752,0.51
2253,5753,0.32
2254,5754,0.55
2255,5755,0.16
2256,5756,0.29
2257,5757,0.51
2258,5758,0.11
2259,5759,0.71
2260,5760,0.66
2261,5761,0.19
2262,5762,0.4
2263,5763,0.2
2264,5764,0.18
2265,5765,0.38
2266,5766,0.27
2267,5767,0.38
2268,5768,0.32
2269,5769,0.52
2270,5770,0.63
2271,5771,0.67
2272,5772,0.4
2273,5773,0.06
2274,5774,0.445
2275,5775,0.414
2276,5776,0.46
2277,5777,0.44
2278,5778,0.48
2279,5779,0.41
2280,5780,0.48
2281,5781,0.5
2282,5782,0.48100000000000004
2283,5783,0.3
2284,5784,0.16
2285,5785,0.31
2286,5786,0.284
2287,5787,0.575
2288,5788,0.475
2289,5789,0.2
2290,5790,0.38
2291,5791,0.14
2292,5792,0.4
2293,5793,0.21
2294,5794,0.53
2295,5795,0.4
2296,5796,0.22
2297,5797,0.7
2298,5798,0.61
2299,5799,0.63
2300,5800,0.17
2301,5801,0.48
2302,5802,0.39
2303,5803,0.27
2304,5804,0.65
2305,5805,0.6281666666666667
2306,5806,0.52
2307,5807,0.65
2308,5808,0.19
2309,5809,0.28
2310,5810,0.29
2311,5811,0.17
2312,5812,0.54
2313,5813,0.43
2314,5814,0.49
2315,5815,0.45
2316,5816,0.27
2317,5817,0.87
2318,5818,0.49
2319,5819,0.66
2320,5820,0.81
2321,5821,0.49
2322,5822,0.72
2323,5823,0.21
2324,5824,0.48
2325,5825,0.33
2326,5826,0.5
2327,5827,0.535
2328,5828,0.14
2329,5829,0.18
2330,5830,0.65
2331,5831,0.81
2332,5832,0.51
2333,5833,0.29
2334,5834,0.52
2335,5835,0.28
2336,5836,0.665
2337,5837,0.62
2338,5838,0.595
2339,5839,0.46
2340,5840,0.6
2341,5841,0.68
2342,5842,0.6
2343,5843,0.73
2344,5844,0.22
2345,5845,0.61
2346,5846,0.28
2347,5847,0.37
2348,5848,0.4916666666666667
2349,5849,0.14
2350,5850,0.21
2351,5851,0.51
2352,5852,0.37
2353,5853,0.44
2354,5854,0.15
2355,5855,0.64
2356,5856,0.19
2357,5857,0.5
2358,5858,0.02
2359,5859,0.48
2360,5860,0.46
2361,5861,0.13
2362,5862,0.34
2363,5863,0.05
2364,5864,0.72
2365,5865,0.26
2366,5866,0.53
2367,5867,0.28
2368,5868,0.53
2369,5869,0.57
2370,5870,0.4
2371,5871,0.41
2372,5872,0.1
2373,5873,0.3
2374,5874,0.11
2375,5875,0.41
2376,5876,0.48
2377,5877,0.72
2378,5878,0.44
2379,5879,0.53
2380,5880,0.43
2381,5881,0.315
2382,5882,0.36
2383,5883,0.53
2384,5884,0.21
2385,5885,0.35
2386,5886,0.2
2387,5887,0.6
2388,5888,0.54
2389,5889,0.56
2390,5890,0.59
2391,5891,0.62
2392,5892,0.575
2393,5893,0.36
2394,5894,0.5
2395,5895,0.39
2396,5896,0.54
2397,5897,0.52
2398,5898,0.18
2399,5899,0.16
2400,5900,0.11
2401,5901,0.29
2402,5902,0.24
2403,5903,0.39
2404,5904,0.23
2405,5905,0.79
2406,5906,0.4
2407,5907,0.72
2408,5908,0.68
2409,5909,0.33
2410,5910,0.47
2411,5911,0.22
2412,5912,0.16
2413,5913,0.53
2414,5914,0.43
2415,5915,0.41
2416,5916,0.48
2417,5917,0.665
2418,5918,0.48
2419,5919,0.42
2420,5920,0.24
2421,5921,0.13
2422,5922,0.54
2423,5923,0.61
2424,5924,0.535
2425,5925,0.23
2426,5926,0.23
2427,5927,0.54
2428,5928,0.24
2429,5929,0.17
2430,5930,0.44
2431,5931,0.34
2432,5932,0.67
2433,5933,0.1
2434,5934,0.29
2435,5935,0.25
2436,5936,0.41
2437,5937,0.47
2438,5938,0.38
2439,5939,0.43
2440,5940,0.48
2441,5941,0.64
2442,5942,0.46
2443,5943,0.645
2444,5944,0.08
2445,5945,0.2
2446,5946,0.41
2447,5947,0.13
2448,5948,0.325
2449,5949,0.45
2450,5950,0.62
2451,5951,0.57
2452,5952,0.49
2453,5953,0.34
2454,5954,0.27
2455,5955,0.35
2456,5956,0.22
2457,5957,0.53
2458,5958,0.33
2459,5959,0.23
2460,5960,0.65
2461,5961,0.24
2462,5962,0.63
2463,5963,0.25
2464,5964,0.425
2465,5965,0.12
2466,5966,0.47
2467,5967,0.68
2468,5968,0.91
2469,5969,0.47
2470,5970,0.29
2471,5971,0.44
2472,5972,0.17
2473,5973,0.39
2474,5974,0.5016666666666667
2475,5975,0.79
2476,5976,0.33
2477,5977,0.56
2478,5978,0.76
2479,5979,0.61
2480,5980,0.42
2481,5981,0.56
